group,subject_id,source_file,theta_end_deg
1,0001,stimulus_set_group1_subject0001.json,-67.65483339918806
1,0001,stimulus_set_group1_subject0001.json,63.227243334109176
1,0001,stimulus_set_group1_subject0001.json,49.71125114487011
1,0001,stimulus_set_group1_subject0001.json,7.75153573346872
1,0001,stimulus_set_group1_subject0001.json,90.6922026498209
1,0001,stimulus_set_group1_subject0001.json,96.19460452033425
1,0001,stimulus_set_group1_subject0001.json,-80.12664365890396
1,0001,stimulus_set_group1_subject0001.json,-88.21395591657885
1,0001,stimulus_set_group1_subject0001.json,30.472487819382422
1,0001,stimulus_set_group1_subject0001.json,-23.39190885792608
1,0001,stimulus_set_group1_subject0001.json,-10.35121859131094
1,0001,stimulus_set_group1_subject0001.json,-23.182571301517683
1,0001,stimulus_set_group1_subject0001.json,9.182509887252053
1,0001,stimulus_set_group1_subject0001.json,11.829679318893488
1,0001,stimulus_set_group1_subject0001.json,-19.616319970792826
1,0001,stimulus_set_group1_subject0001.json,19.277620594508655
1,0001,stimulus_set_group1_subject0001.json,0.43773412079265933
1,0001,stimulus_set_group1_subject0001.json,-18.84043746470461
1,0001,stimulus_set_group1_subject0001.json,-80.9850618912787
1,0001,stimulus_set_group1_subject0001.json,112.69205476165523
1,0001,stimulus_set_group1_subject0001.json,15.356009348426811
1,0001,stimulus_set_group1_subject0001.json,-67.65081970177188
1,0001,stimulus_set_group1_subject0001.json,-35.90517930363789
1,0001,stimulus_set_group1_subject0001.json,-95.28378743509766
1,0001,stimulus_set_group1_subject0001.json,25.02694099836422
1,0001,stimulus_set_group1_subject0001.json,26.134527804360037
1,0001,stimulus_set_group1_subject0001.json,-35.99190177437599
1,0001,stimulus_set_group1_subject0001.json,-83.73845955725832
1,0001,stimulus_set_group1_subject0001.json,-128.53520016639047
1,0001,stimulus_set_group1_subject0001.json,-109.57358061551164
1,0001,stimulus_set_group1_subject0001.json,-104.8973030803393
1,0001,stimulus_set_group1_subject0001.json,45.40998741176427
1,0001,stimulus_set_group1_subject0001.json,-117.91771226913932
1,0001,stimulus_set_group1_subject0001.json,-92.07916059129089
1,0001,stimulus_set_group1_subject0001.json,-76.32331239521145
1,0001,stimulus_set_group1_subject0001.json,38.4499465801638
1,0001,stimulus_set_group1_subject0001.json,94.65511441884428
1,0001,stimulus_set_group1_subject0001.json,-99.91273805809378
1,0001,stimulus_set_group1_subject0001.json,-38.60544970031938
1,0001,stimulus_set_group1_subject0001.json,23.967165279362053
1,0001,stimulus_set_group1_subject0001.json,8.614075074926122
1,0001,stimulus_set_group1_subject0001.json,-105.64601510059215
1,0001,stimulus_set_group1_subject0001.json,-3.334978829923905
1,0001,stimulus_set_group1_subject0001.json,-19.503165981262644
1,0001,stimulus_set_group1_subject0001.json,-17.202375250693745
1,0001,stimulus_set_group1_subject0001.json,23.35170584732848
1,0001,stimulus_set_group1_subject0001.json,-26.01770920461321
1,0001,stimulus_set_group1_subject0001.json,-27.08550744542915
1,0001,stimulus_set_group1_subject0001.json,-34.85086682463711
1,0001,stimulus_set_group1_subject0001.json,-10.960214113137317
1,0001,stimulus_set_group1_subject0001.json,-28.716720676689658
1,0001,stimulus_set_group1_subject0001.json,-38.1441089215275
1,0001,stimulus_set_group1_subject0001.json,-41.17282470107612
1,0001,stimulus_set_group1_subject0001.json,-1.0011750454939266
1,0001,stimulus_set_group1_subject0001.json,10.874146211184684
1,0001,stimulus_set_group1_subject0001.json,77.88424914576407
1,0001,stimulus_set_group1_subject0001.json,16.870256591958302
1,0001,stimulus_set_group1_subject0001.json,-78.8789852346624
1,0001,stimulus_set_group1_subject0001.json,51.56944083290989
1,0001,stimulus_set_group1_subject0001.json,-42.99307908741635
1,0001,stimulus_set_group1_subject0001.json,-73.81595504684404
1,0001,stimulus_set_group1_subject0001.json,10.44347162491645
1,0001,stimulus_set_group1_subject0001.json,-61.644895074667645
1,0001,stimulus_set_group1_subject0001.json,46.7891023109622
1,0001,stimulus_set_group1_subject0001.json,-2.115713919430346
1,0001,stimulus_set_group1_subject0001.json,-31.709802205895077
1,0001,stimulus_set_group1_subject0001.json,-67.16512132404665
1,0001,stimulus_set_group1_subject0001.json,-54.642582634257316
1,0001,stimulus_set_group1_subject0001.json,-58.665001489791784
1,0001,stimulus_set_group1_subject0001.json,-37.09905669924743
1,0001,stimulus_set_group1_subject0001.json,-20.13910693545785
1,0001,stimulus_set_group1_subject0001.json,-11.458891562559412
1,0001,stimulus_set_group1_subject0001.json,31.852667266655246
1,0001,stimulus_set_group1_subject0001.json,-5.634510666666451
1,0001,stimulus_set_group1_subject0001.json,-7.927692710707503
1,0001,stimulus_set_group1_subject0001.json,-37.41136086742405
1,0001,stimulus_set_group1_subject0001.json,-16.62569561942698
1,0001,stimulus_set_group1_subject0001.json,22.68617603697581
1,0001,stimulus_set_group1_subject0001.json,25.542089280099237
1,0001,stimulus_set_group1_subject0001.json,-13.61955841292578
1,0001,stimulus_set_group1_subject0001.json,-10.05851848167369
1,0001,stimulus_set_group1_subject0001.json,87.86184314850874
1,0001,stimulus_set_group1_subject0001.json,16.3568804693685
1,0001,stimulus_set_group1_subject0001.json,122.46032704883204
1,0001,stimulus_set_group1_subject0001.json,-47.36251500866679
1,0001,stimulus_set_group1_subject0001.json,108.34475205845523
1,0001,stimulus_set_group1_subject0001.json,-5.234231574847723
1,0001,stimulus_set_group1_subject0001.json,-8.781728672875687
1,0001,stimulus_set_group1_subject0001.json,52.366057272635885
1,0001,stimulus_set_group1_subject0001.json,67.7802929290877
1,0001,stimulus_set_group1_subject0001.json,-59.51644765209163
1,0001,stimulus_set_group1_subject0001.json,32.751421146233305
1,0001,stimulus_set_group1_subject0001.json,5.851733773396896
1,0001,stimulus_set_group1_subject0001.json,-4.418686828429659
1,0001,stimulus_set_group1_subject0001.json,28.712294603221995
1,0001,stimulus_set_group1_subject0001.json,26.20615081634601
1,0001,stimulus_set_group1_subject0001.json,-4.407017381082581
1,0001,stimulus_set_group1_subject0001.json,63.143283236236535
1,0001,stimulus_set_group1_subject0001.json,8.675832010780884
1,0001,stimulus_set_group1_subject0001.json,-48.02884451228694
1,0001,stimulus_set_group1_subject0001.json,-77.09593009352218
1,0001,stimulus_set_group1_subject0001.json,-49.56022488045998
1,0001,stimulus_set_group1_subject0001.json,-82.00940274858657
1,0001,stimulus_set_group1_subject0001.json,-76.07686828173216
1,0001,stimulus_set_group1_subject0001.json,56.987397168240534
1,0001,stimulus_set_group1_subject0001.json,-21.687763879171946
1,0001,stimulus_set_group1_subject0001.json,-94.75553817810527
1,0001,stimulus_set_group1_subject0001.json,32.062180100599726
1,0001,stimulus_set_group1_subject0001.json,4.010949905404343
1,0001,stimulus_set_group1_subject0001.json,-78.96223449236737
1,0001,stimulus_set_group1_subject0001.json,-72.2475647171248
1,0001,stimulus_set_group1_subject0001.json,30.46914627195599
1,0001,stimulus_set_group1_subject0001.json,-17.43898710924159
1,0001,stimulus_set_group1_subject0001.json,-74.85604471799957
1,0001,stimulus_set_group1_subject0001.json,-27.604531586462766
1,0001,stimulus_set_group1_subject0001.json,57.769644145691935
1,0001,stimulus_set_group1_subject0001.json,-77.29639751179856
1,0001,stimulus_set_group1_subject0001.json,-44.634486830046846
1,0001,stimulus_set_group1_subject0001.json,-20.957546682182628
1,0001,stimulus_set_group1_subject0001.json,1.0748845791099295
1,0001,stimulus_set_group1_subject0001.json,-1.146765419516007
1,0001,stimulus_set_group1_subject0001.json,6.676397566560194
1,0001,stimulus_set_group1_subject0001.json,-20.607679125993705
1,0001,stimulus_set_group1_subject0001.json,-40.364073033448186
1,0001,stimulus_set_group1_subject0001.json,5.374165059906153
1,0001,stimulus_set_group1_subject0001.json,47.45965351478238
1,0001,stimulus_set_group1_subject0001.json,-63.73814200070205
1,0001,stimulus_set_group1_subject0001.json,41.16388839071629
1,0001,stimulus_set_group1_subject0001.json,13.038940821148346
1,0001,stimulus_set_group1_subject0001.json,72.41779899742252
1,0001,stimulus_set_group1_subject0001.json,34.337049399394054
1,0001,stimulus_set_group1_subject0001.json,-1.8628580696541572
1,0001,stimulus_set_group1_subject0001.json,55.28208275514257
1,0001,stimulus_set_group1_subject0001.json,17.61496695257747
1,0001,stimulus_set_group1_subject0001.json,-18.31587128486892
1,0002,stimulus_set_group1_subject0002.json,-6.170924782485675
1,0002,stimulus_set_group1_subject0002.json,-77.73173909766132
1,0002,stimulus_set_group1_subject0002.json,-92.43552087967275
1,0002,stimulus_set_group1_subject0002.json,-114.79433955613908
1,0002,stimulus_set_group1_subject0002.json,-23.880479617914748
1,0002,stimulus_set_group1_subject0002.json,37.10690561606521
1,0002,stimulus_set_group1_subject0002.json,72.73901132858435
1,0002,stimulus_set_group1_subject0002.json,-44.3920848920183
1,0002,stimulus_set_group1_subject0002.json,-101.26405814540622
1,0002,stimulus_set_group1_subject0002.json,-56.93574607720514
1,0002,stimulus_set_group1_subject0002.json,-54.77602684620178
1,0002,stimulus_set_group1_subject0002.json,-16.508956299417736
1,0002,stimulus_set_group1_subject0002.json,-26.40432312164264
1,0002,stimulus_set_group1_subject0002.json,33.46396943211226
1,0002,stimulus_set_group1_subject0002.json,30.919693382384587
1,0002,stimulus_set_group1_subject0002.json,68.85791065040254
1,0002,stimulus_set_group1_subject0002.json,-31.72323353766414
1,0002,stimulus_set_group1_subject0002.json,-40.18924540392549
1,0002,stimulus_set_group1_subject0002.json,2.261853648765482
1,0002,stimulus_set_group1_subject0002.json,52.36605727263533
1,0002,stimulus_set_group1_subject0002.json,123.79523643553262
1,0002,stimulus_set_group1_subject0002.json,-74.29584619226587
1,0002,stimulus_set_group1_subject0002.json,59.83864884273943
1,0002,stimulus_set_group1_subject0002.json,22.32316036616487
1,0002,stimulus_set_group1_subject0002.json,66.56353342557226
1,0002,stimulus_set_group1_subject0002.json,-4.702751787098534
1,0002,stimulus_set_group1_subject0002.json,124.97865758857704
1,0002,stimulus_set_group1_subject0002.json,-0.3159413743366107
1,0002,stimulus_set_group1_subject0002.json,-36.311409467851874
1,0002,stimulus_set_group1_subject0002.json,-42.74664950498612
1,0002,stimulus_set_group1_subject0002.json,23.152486920039436
1,0002,stimulus_set_group1_subject0002.json,22.264772415778523
1,0002,stimulus_set_group1_subject0002.json,-6.046634459032297
1,0002,stimulus_set_group1_subject0002.json,20.06278956734963
1,0002,stimulus_set_group1_subject0002.json,-37.379781688337054
1,0002,stimulus_set_group1_subject0002.json,41.675148472214964
1,0002,stimulus_set_group1_subject0002.json,15.468085057799053
1,0002,stimulus_set_group1_subject0002.json,-15.097724681572668
1,0002,stimulus_set_group1_subject0002.json,-13.507841174791048
1,0002,stimulus_set_group1_subject0002.json,12.43842786192482
1,0002,stimulus_set_group1_subject0002.json,-14.116921044130866
1,0002,stimulus_set_group1_subject0002.json,-23.999338333177388
1,0002,stimulus_set_group1_subject0002.json,-19.61631997079289
1,0002,stimulus_set_group1_subject0002.json,-13.110528669258994
1,0002,stimulus_set_group1_subject0002.json,25.78143990012588
1,0002,stimulus_set_group1_subject0002.json,34.87731626216503
1,0002,stimulus_set_group1_subject0002.json,99.56411665149174
1,0002,stimulus_set_group1_subject0002.json,-137.91763736256988
1,0002,stimulus_set_group1_subject0002.json,88.24258159279685
1,0002,stimulus_set_group1_subject0002.json,100.96002821480025
1,0002,stimulus_set_group1_subject0002.json,114.28306074618385
1,0002,stimulus_set_group1_subject0002.json,86.73217379536658
1,0002,stimulus_set_group1_subject0002.json,-130.89661651301046
1,0002,stimulus_set_group1_subject0002.json,-109.57358061551166
1,0002,stimulus_set_group1_subject0002.json,-2.57953948322113
1,0002,stimulus_set_group1_subject0002.json,-52.622089790157744
1,0002,stimulus_set_group1_subject0002.json,-40.32012444776325
1,0002,stimulus_set_group1_subject0002.json,88.75822661703111
1,0002,stimulus_set_group1_subject0002.json,-94.25471636527709
1,0002,stimulus_set_group1_subject0002.json,-14.107908610435464
1,0002,stimulus_set_group1_subject0002.json,-50.19963015209423
1,0002,stimulus_set_group1_subject0002.json,-93.64511529898394
1,0002,stimulus_set_group1_subject0002.json,-35.21904061225975
1,0002,stimulus_set_group1_subject0002.json,5.0573744975951405
1,0002,stimulus_set_group1_subject0002.json,-71.0335289058839
1,0002,stimulus_set_group1_subject0002.json,-86.42500463420512
1,0002,stimulus_set_group1_subject0002.json,-65.60442896055034
1,0002,stimulus_set_group1_subject0002.json,69.21932551976263
1,0002,stimulus_set_group1_subject0002.json,-47.38296849485333
1,0002,stimulus_set_group1_subject0002.json,-44.23467082173518
1,0002,stimulus_set_group1_subject0002.json,23.620987935305134
1,0002,stimulus_set_group1_subject0002.json,-7.081426826786594
1,0002,stimulus_set_group1_subject0002.json,43.976624638101896
1,0002,stimulus_set_group1_subject0002.json,18.29896931222855
1,0002,stimulus_set_group1_subject0002.json,-27.369235551022904
1,0002,stimulus_set_group1_subject0002.json,-1.786716310418887
1,0002,stimulus_set_group1_subject0002.json,77.86139623335619
1,0002,stimulus_set_group1_subject0002.json,20.959211398610975
1,0002,stimulus_set_group1_subject0002.json,80.40895287131002
1,0002,stimulus_set_group1_subject0002.json,-42.92431773172131
1,0002,stimulus_set_group1_subject0002.json,-49.376010478290134
1,0002,stimulus_set_group1_subject0002.json,-70.20935924653108
1,0002,stimulus_set_group1_subject0002.json,13.945571722476718
1,0002,stimulus_set_group1_subject0002.json,48.285125741354165
1,0002,stimulus_set_group1_subject0002.json,-80.70418742917178
1,0002,stimulus_set_group1_subject0002.json,-1.4293209246933247
1,0002,stimulus_set_group1_subject0002.json,-93.54387004140821
1,0002,stimulus_set_group1_subject0002.json,-1.9748879954686949
1,0002,stimulus_set_group1_subject0002.json,-44.49429382343469
1,0002,stimulus_set_group1_subject0002.json,74.69512623074988
1,0002,stimulus_set_group1_subject0002.json,6.628553311555124
1,0002,stimulus_set_group1_subject0002.json,-14.585131334961387
1,0002,stimulus_set_group1_subject0002.json,10.544576429581959
1,0002,stimulus_set_group1_subject0002.json,8.249991267438794
1,0002,stimulus_set_group1_subject0002.json,92.1723795093171
1,0002,stimulus_set_group1_subject0002.json,33.745528704711866
1,0002,stimulus_set_group1_subject0002.json,-17.738606400680826
1,0002,stimulus_set_group1_subject0002.json,-42.26782999255969
1,0002,stimulus_set_group1_subject0002.json,33.488606345137015
1,0002,stimulus_set_group1_subject0002.json,20.75478851521602
1,0002,stimulus_set_group1_subject0002.json,-28.932788218905365
1,0002,stimulus_set_group1_subject0002.json,39.20092597793689
1,0002,stimulus_set_group1_subject0002.json,51.96250116196732
1,0002,stimulus_set_group1_subject0002.json,-12.305850658659123
1,0002,stimulus_set_group1_subject0002.json,-58.04853192662288
1,0002,stimulus_set_group1_subject0002.json,51.75512691576227
1,0002,stimulus_set_group1_subject0002.json,11.720898521088461
1,0002,stimulus_set_group1_subject0002.json,49.5586480491598
1,0002,stimulus_set_group1_subject0002.json,3.0931829005265534
1,0002,stimulus_set_group1_subject0002.json,11.586653746287762
1,0002,stimulus_set_group1_subject0002.json,14.895505995373439
1,0002,stimulus_set_group1_subject0002.json,7.777202576459637
1,0002,stimulus_set_group1_subject0002.json,34.77015752599683
1,0002,stimulus_set_group1_subject0002.json,8.200454432724129
1,0002,stimulus_set_group1_subject0002.json,-21.480463337758106
1,0002,stimulus_set_group1_subject0002.json,36.81169993385939
1,0002,stimulus_set_group1_subject0002.json,-22.317038129295867
1,0002,stimulus_set_group1_subject0002.json,5.128955586559796
1,0002,stimulus_set_group1_subject0002.json,13.086322066005273
1,0002,stimulus_set_group1_subject0002.json,1.9055808156598573
1,0002,stimulus_set_group1_subject0002.json,9.9708568844441
1,0002,stimulus_set_group1_subject0002.json,-51.36163010829839
1,0002,stimulus_set_group1_subject0002.json,31.25478059213071
1,0002,stimulus_set_group1_subject0002.json,50.165159691532565
1,0002,stimulus_set_group1_subject0002.json,-21.50906183447252
1,0002,stimulus_set_group1_subject0002.json,-18.01114771965708
1,0002,stimulus_set_group1_subject0002.json,-38.55903648077695
1,0002,stimulus_set_group1_subject0002.json,36.82424102359217
1,0002,stimulus_set_group1_subject0002.json,-24.84459966811483
1,0002,stimulus_set_group1_subject0002.json,-58.80300783986006
1,0002,stimulus_set_group1_subject0002.json,-115.13934256608401
1,0002,stimulus_set_group1_subject0002.json,117.92506427847339
1,0002,stimulus_set_group1_subject0002.json,-113.13211956601515
1,0002,stimulus_set_group1_subject0002.json,-25.13046373590918
1,0002,stimulus_set_group1_subject0002.json,13.637683724081791
1,0003,stimulus_set_group1_subject0003.json,8.978460831410292
1,0003,stimulus_set_group1_subject0003.json,-56.539972864147146
1,0003,stimulus_set_group1_subject0003.json,70.43268137875634
1,0003,stimulus_set_group1_subject0003.json,52.241166822959016
1,0003,stimulus_set_group1_subject0003.json,14.58513133496122
1,0003,stimulus_set_group1_subject0003.json,-90.78485566995187
1,0003,stimulus_set_group1_subject0003.json,-70.88131803674781
1,0003,stimulus_set_group1_subject0003.json,59.967965805462605
1,0003,stimulus_set_group1_subject0003.json,-60.72335179898747
1,0003,stimulus_set_group1_subject0003.json,-11.55208634064711
1,0003,stimulus_set_group1_subject0003.json,-54.88346808696473
1,0003,stimulus_set_group1_subject0003.json,-16.051663133405047
1,0003,stimulus_set_group1_subject0003.json,-41.035735313517335
1,0003,stimulus_set_group1_subject0003.json,14.433553210549471
1,0003,stimulus_set_group1_subject0003.json,1.4361065113038967
1,0003,stimulus_set_group1_subject0003.json,-44.87063575612448
1,0003,stimulus_set_group1_subject0003.json,41.269112000159495
1,0003,stimulus_set_group1_subject0003.json,-64.19637027520601
1,0003,stimulus_set_group1_subject0003.json,-29.062093091999692
1,0003,stimulus_set_group1_subject0003.json,13.83779251233489
1,0003,stimulus_set_group1_subject0003.json,17.695890731068605
1,0003,stimulus_set_group1_subject0003.json,-29.087691498636183
1,0003,stimulus_set_group1_subject0003.json,55.31307621128849
1,0003,stimulus_set_group1_subject0003.json,-14.87120333996904
1,0003,stimulus_set_group1_subject0003.json,82.40644037686022
1,0003,stimulus_set_group1_subject0003.json,-24.475901080598344
1,0003,stimulus_set_group1_subject0003.json,-84.34356604883978
1,0003,stimulus_set_group1_subject0003.json,-26.500151378606482
1,0003,stimulus_set_group1_subject0003.json,24.677670240543993
1,0003,stimulus_set_group1_subject0003.json,-53.72208481324814
1,0003,stimulus_set_group1_subject0003.json,-10.141504400916789
1,0003,stimulus_set_group1_subject0003.json,-12.31930430689771
1,0003,stimulus_set_group1_subject0003.json,11.720898521088461
1,0003,stimulus_set_group1_subject0003.json,-11.460981267348695
1,0003,stimulus_set_group1_subject0003.json,-25.739944568498803
1,0003,stimulus_set_group1_subject0003.json,-49.69342261750373
1,0003,stimulus_set_group1_subject0003.json,-81.11664757838415
1,0003,stimulus_set_group1_subject0003.json,20.00653751519293
1,0003,stimulus_set_group1_subject0003.json,-20.974036207232807
1,0003,stimulus_set_group1_subject0003.json,28.41368644044084
1,0003,stimulus_set_group1_subject0003.json,71.3777535004038
1,0003,stimulus_set_group1_subject0003.json,61.39465224766526
1,0003,stimulus_set_group1_subject0003.json,-55.39685746463431
1,0003,stimulus_set_group1_subject0003.json,-93.32098724213856
1,0003,stimulus_set_group1_subject0003.json,-74.80765152631359
1,0003,stimulus_set_group1_subject0003.json,20.883498029922066
1,0003,stimulus_set_group1_subject0003.json,-2.3553457573030934
1,0003,stimulus_set_group1_subject0003.json,40.722480078577654
1,0003,stimulus_set_group1_subject0003.json,-19.264411019079436
1,0003,stimulus_set_group1_subject0003.json,38.45905754705351
1,0003,stimulus_set_group1_subject0003.json,42.99418953524692
1,0003,stimulus_set_group1_subject0003.json,8.509980322005932
1,0003,stimulus_set_group1_subject0003.json,13.870670680854008
1,0003,stimulus_set_group1_subject0003.json,20.511688714826832
1,0003,stimulus_set_group1_subject0003.json,25.122898051372882
1,0003,stimulus_set_group1_subject0003.json,-34.665700253833236
1,0003,stimulus_set_group1_subject0003.json,-1.0001298086880492
1,0003,stimulus_set_group1_subject0003.json,67.66937757760165
1,0003,stimulus_set_group1_subject0003.json,-29.924745044477707
1,0003,stimulus_set_group1_subject0003.json,-14.830766114597933
1,0003,stimulus_set_group1_subject0003.json,18.44372653669911
1,0003,stimulus_set_group1_subject0003.json,52.96607390840087
1,0003,stimulus_set_group1_subject0003.json,-2.708998744039558
1,0003,stimulus_set_group1_subject0003.json,-61.39982738789992
1,0003,stimulus_set_group1_subject0003.json,104.7938034722842
1,0003,stimulus_set_group1_subject0003.json,-79.16220737705738
1,0003,stimulus_set_group1_subject0003.json,43.82756212749634
1,0003,stimulus_set_group1_subject0003.json,74.09980356173075
1,0003,stimulus_set_group1_subject0003.json,-83.85074945770847
1,0003,stimulus_set_group1_subject0003.json,-16.2176969682132
1,0003,stimulus_set_group1_subject0003.json,52.37759291246623
1,0003,stimulus_set_group1_subject0003.json,14.917168578959277
1,0003,stimulus_set_group1_subject0003.json,-93.65528493276783
1,0003,stimulus_set_group1_subject0003.json,116.18988698215313
1,0003,stimulus_set_group1_subject0003.json,-124.99456016028508
1,0003,stimulus_set_group1_subject0003.json,0.9852996504735044
1,0003,stimulus_set_group1_subject0003.json,-105.50069734097801
1,0003,stimulus_set_group1_subject0003.json,-90.5047664234447
1,0003,stimulus_set_group1_subject0003.json,25.278704462670387
1,0003,stimulus_set_group1_subject0003.json,113.98800736206046
1,0003,stimulus_set_group1_subject0003.json,-120.37423944363579
1,0003,stimulus_set_group1_subject0003.json,-89.67800536488518
1,0003,stimulus_set_group1_subject0003.json,-33.10578434251117
1,0003,stimulus_set_group1_subject0003.json,12.174575448918276
1,0003,stimulus_set_group1_subject0003.json,46.288020108426075
1,0003,stimulus_set_group1_subject0003.json,-21.136167611131853
1,0003,stimulus_set_group1_subject0003.json,-7.583606482562514
1,0003,stimulus_set_group1_subject0003.json,33.63677371547338
1,0003,stimulus_set_group1_subject0003.json,51.54928602624564
1,0003,stimulus_set_group1_subject0003.json,12.73121150189928
1,0003,stimulus_set_group1_subject0003.json,-31.386365547790277
1,0003,stimulus_set_group1_subject0003.json,124.53443807642118
1,0003,stimulus_set_group1_subject0003.json,-80.40837862097257
1,0003,stimulus_set_group1_subject0003.json,67.14815949740809
1,0003,stimulus_set_group1_subject0003.json,-63.12600362390828
1,0003,stimulus_set_group1_subject0003.json,43.01963393856114
1,0003,stimulus_set_group1_subject0003.json,-52.61190234440922
1,0003,stimulus_set_group1_subject0003.json,117.81262478036888
1,0003,stimulus_set_group1_subject0003.json,116.3816007164667
1,0003,stimulus_set_group1_subject0003.json,37.62024639201134
1,0003,stimulus_set_group1_subject0003.json,-44.60340865129593
1,0003,stimulus_set_group1_subject0003.json,-93.84085693951957
1,0003,stimulus_set_group1_subject0003.json,-72.21138237224937
1,0003,stimulus_set_group1_subject0003.json,-22.557616280808357
1,0003,stimulus_set_group1_subject0003.json,24.738837834959398
1,0003,stimulus_set_group1_subject0003.json,-76.12568957157814
1,0003,stimulus_set_group1_subject0003.json,-36.62735727316098
1,0003,stimulus_set_group1_subject0003.json,-0.6353607904713896
1,0003,stimulus_set_group1_subject0003.json,54.03408065842868
1,0003,stimulus_set_group1_subject0003.json,32.04951144942322
1,0003,stimulus_set_group1_subject0003.json,-45.73038995674368
1,0003,stimulus_set_group1_subject0003.json,-16.132648837947464
1,0003,stimulus_set_group1_subject0003.json,25.79742856688127
1,0003,stimulus_set_group1_subject0003.json,-55.75666560758776
1,0003,stimulus_set_group1_subject0003.json,2.6643802554834286
1,0003,stimulus_set_group1_subject0003.json,-5.942124016945935
1,0003,stimulus_set_group1_subject0003.json,-10.626545980052116
1,0003,stimulus_set_group1_subject0003.json,21.882376514486843
1,0003,stimulus_set_group1_subject0003.json,0.17362581655166046
1,0003,stimulus_set_group1_subject0003.json,12.087374937344654
1,0003,stimulus_set_group1_subject0003.json,0.8167405571611908
1,0003,stimulus_set_group1_subject0003.json,4.8375903954030735
1,0003,stimulus_set_group1_subject0003.json,-4.446264462044015
1,0003,stimulus_set_group1_subject0003.json,-20.797183431193172
1,0003,stimulus_set_group1_subject0003.json,-5.867137483420072
1,0003,stimulus_set_group1_subject0003.json,17.278424465948643
1,0003,stimulus_set_group1_subject0003.json,20.39225684778563
1,0003,stimulus_set_group1_subject0003.json,26.113152104478175
1,0003,stimulus_set_group1_subject0003.json,-23.322543719343948
1,0003,stimulus_set_group1_subject0003.json,-2.2377949605528706
1,0003,stimulus_set_group1_subject0003.json,5.89600809023289
1,0003,stimulus_set_group1_subject0003.json,-23.47661427140063
1,0003,stimulus_set_group1_subject0003.json,28.53468447709182
1,0003,stimulus_set_group1_subject0003.json,-28.998033492408805
1,0003,stimulus_set_group1_subject0003.json,4.045871409763746
2,0001,stimulus_set_group2_subject0001.json,-6.178167687146242
2,0001,stimulus_set_group2_subject0001.json,-58.9106941610994
2,0001,stimulus_set_group2_subject0001.json,-59.10452906790215
2,0001,stimulus_set_group2_subject0001.json,-144.45255957386667
2,0001,stimulus_set_group2_subject0001.json,-93.09877129054235
2,0001,stimulus_set_group2_subject0001.json,-120.24092405421379
2,0001,stimulus_set_group2_subject0001.json,102.55526686574535
2,0001,stimulus_set_group2_subject0001.json,14.27117972347969
2,0001,stimulus_set_group2_subject0001.json,10.697859373255824
2,0001,stimulus_set_group2_subject0001.json,-76.3707724166203
2,0001,stimulus_set_group2_subject0001.json,-157.59077518603908
2,0001,stimulus_set_group2_subject0001.json,140.8990541822775
2,0001,stimulus_set_group2_subject0001.json,-2.126310273102945
2,0001,stimulus_set_group2_subject0001.json,-54.13330921420993
2,0001,stimulus_set_group2_subject0001.json,-85.05419841787239
2,0001,stimulus_set_group2_subject0001.json,-127.39329085914483
2,0001,stimulus_set_group2_subject0001.json,36.72922458244284
2,0001,stimulus_set_group2_subject0001.json,62.538872608103475
2,0001,stimulus_set_group2_subject0001.json,13.787039169789068
2,0001,stimulus_set_group2_subject0001.json,68.21479347151353
2,0001,stimulus_set_group2_subject0001.json,61.96409913472485
2,0001,stimulus_set_group2_subject0001.json,-171.3772571913737
2,0001,stimulus_set_group2_subject0001.json,-159.60655759193855
2,0001,stimulus_set_group2_subject0001.json,-73.77639277891285
2,0001,stimulus_set_group2_subject0001.json,60.137648153281816
2,0001,stimulus_set_group2_subject0001.json,79.69622945687843
2,0001,stimulus_set_group2_subject0001.json,79.36377522881617
2,0001,stimulus_set_group2_subject0001.json,131.46673530034468
2,0001,stimulus_set_group2_subject0001.json,3.7148960396802977
2,0001,stimulus_set_group2_subject0001.json,157.66148662109094
2,0001,stimulus_set_group2_subject0001.json,9.0723281322214
2,0001,stimulus_set_group2_subject0001.json,-81.61475957665948
2,0001,stimulus_set_group2_subject0001.json,-94.03861397945639
2,0001,stimulus_set_group2_subject0001.json,-133.54792787506813
2,0001,stimulus_set_group2_subject0001.json,-1.6536466545505846
2,0001,stimulus_set_group2_subject0001.json,41.71516277727096
2,0001,stimulus_set_group2_subject0001.json,-60.19924656985154
2,0001,stimulus_set_group2_subject0001.json,35.220972943310926
2,0001,stimulus_set_group2_subject0001.json,35.34714098784343
2,0001,stimulus_set_group2_subject0001.json,-122.03454958978841
2,0001,stimulus_set_group2_subject0001.json,-175.76686102198437
2,0001,stimulus_set_group2_subject0001.json,-57.60023804407615
2,0001,stimulus_set_group2_subject0001.json,-13.026307155824043
2,0001,stimulus_set_group2_subject0001.json,-153.38180954646123
2,0001,stimulus_set_group2_subject0001.json,-137.33052708240575
2,0001,stimulus_set_group2_subject0001.json,-65.5769993710528
2,0001,stimulus_set_group2_subject0001.json,-31.681148972722895
2,0001,stimulus_set_group2_subject0001.json,-51.944488716808564
2,0001,stimulus_set_group2_subject0001.json,105.85134924047384
2,0001,stimulus_set_group2_subject0001.json,155.54751830639884
2,0001,stimulus_set_group2_subject0001.json,28.146522088342863
2,0001,stimulus_set_group2_subject0001.json,-33.900548761874006
2,0001,stimulus_set_group2_subject0001.json,176.65716438700656
2,0001,stimulus_set_group2_subject0001.json,-115.05865023201682
2,0001,stimulus_set_group2_subject0001.json,3.2309136324247447
2,0001,stimulus_set_group2_subject0001.json,98.11049437190968
2,0001,stimulus_set_group2_subject0001.json,-134.5276872262491
2,0001,stimulus_set_group2_subject0001.json,-57.84914651856957
2,0001,stimulus_set_group2_subject0001.json,34.05269168469863
2,0001,stimulus_set_group2_subject0001.json,-15.644692693089382
2,0001,stimulus_set_group2_subject0001.json,96.3086059389068
2,0001,stimulus_set_group2_subject0001.json,8.744819841413346
2,0001,stimulus_set_group2_subject0001.json,-130.11142951946022
2,0001,stimulus_set_group2_subject0001.json,164.71933639344388
2,0001,stimulus_set_group2_subject0001.json,130.3945933413122
2,0001,stimulus_set_group2_subject0001.json,25.75922299260378
2,0001,stimulus_set_group2_subject0001.json,-80.86111211765933
2,0001,stimulus_set_group2_subject0001.json,108.60188854613307
2,0001,stimulus_set_group2_subject0001.json,134.70850896837464
2,0001,stimulus_set_group2_subject0001.json,-146.85972850504777
2,0001,stimulus_set_group2_subject0001.json,1.279858371373848
2,0001,stimulus_set_group2_subject0001.json,153.4750779622318
2,0001,stimulus_set_group2_subject0001.json,-6.719729952414127
2,0001,stimulus_set_group2_subject0001.json,100.97106433653857
2,0001,stimulus_set_group2_subject0001.json,60.580175915347354
2,0001,stimulus_set_group2_subject0001.json,-155.7225947709303
2,0001,stimulus_set_group2_subject0001.json,-67.8874641170803
2,0001,stimulus_set_group2_subject0001.json,95.61906754656161
2,0001,stimulus_set_group2_subject0001.json,-30.760790752354296
2,0001,stimulus_set_group2_subject0001.json,-14.578765599031158
2,0001,stimulus_set_group2_subject0001.json,-86.01491505988952
2,0001,stimulus_set_group2_subject0001.json,-93.55150697975478
2,0001,stimulus_set_group2_subject0001.json,-128.32518083212176
2,0001,stimulus_set_group2_subject0001.json,136.87070426959644
2,0001,stimulus_set_group2_subject0001.json,-172.39286531092762
2,0001,stimulus_set_group2_subject0001.json,58.07210733633224
2,0001,stimulus_set_group2_subject0001.json,149.11903055943776
2,0001,stimulus_set_group2_subject0001.json,-138.60932319040785
2,0001,stimulus_set_group2_subject0001.json,-56.97020827446772
2,0001,stimulus_set_group2_subject0001.json,96.51448477414169
2,0001,stimulus_set_group2_subject0001.json,-170.17756394900357
2,0001,stimulus_set_group2_subject0001.json,-119.28952904657422
2,0001,stimulus_set_group2_subject0001.json,-134.6333203080494
2,0001,stimulus_set_group2_subject0001.json,155.58500850084783
2,0001,stimulus_set_group2_subject0001.json,92.1680890296177
2,0001,stimulus_set_group2_subject0001.json,-10.463199434548642
2,0001,stimulus_set_group2_subject0001.json,27.577612172269937
2,0001,stimulus_set_group2_subject0001.json,-128.97659437014636
2,0001,stimulus_set_group2_subject0001.json,134.07694636229144
2,0001,stimulus_set_group2_subject0001.json,68.1788415464423
2,0001,stimulus_set_group2_subject0001.json,-12.862654710776496
2,0001,stimulus_set_group2_subject0001.json,18.68100740591899
2,0001,stimulus_set_group2_subject0001.json,-15.97802030296566
2,0001,stimulus_set_group2_subject0001.json,-70.35241263430157
2,0001,stimulus_set_group2_subject0001.json,-92.00505321947185
2,0001,stimulus_set_group2_subject0001.json,-43.902262843259905
2,0001,stimulus_set_group2_subject0001.json,29.069556030823605
2,0001,stimulus_set_group2_subject0001.json,-151.14871555360696
2,0001,stimulus_set_group2_subject0001.json,-54.60469261095227
2,0001,stimulus_set_group2_subject0001.json,-129.57499926708306
2,0001,stimulus_set_group2_subject0001.json,-94.81140919047812
2,0001,stimulus_set_group2_subject0001.json,-82.18631329392883
2,0001,stimulus_set_group2_subject0001.json,53.69777667828953
2,0001,stimulus_set_group2_subject0001.json,101.84302061245967
2,0001,stimulus_set_group2_subject0001.json,142.9085001823239
2,0001,stimulus_set_group2_subject0001.json,-43.43247699687845
2,0001,stimulus_set_group2_subject0001.json,132.0213458487749
2,0001,stimulus_set_group2_subject0001.json,-47.08563294579221
2,0001,stimulus_set_group2_subject0001.json,-177.24899089497512
2,0001,stimulus_set_group2_subject0001.json,132.05503107014533
2,0001,stimulus_set_group2_subject0001.json,37.42725771767641
2,0001,stimulus_set_group2_subject0001.json,-129.3393512557982
2,0001,stimulus_set_group2_subject0001.json,101.28554042712221
2,0001,stimulus_set_group2_subject0001.json,117.4900996700137
2,0001,stimulus_set_group2_subject0001.json,-93.23563313314276
2,0001,stimulus_set_group2_subject0001.json,136.4567981512546
2,0001,stimulus_set_group2_subject0001.json,19.543754945714227
2,0001,stimulus_set_group2_subject0001.json,46.57706153938352
2,0001,stimulus_set_group2_subject0001.json,-137.0041775674706
2,0001,stimulus_set_group2_subject0001.json,81.27665340741396
2,0001,stimulus_set_group2_subject0001.json,38.658154929507646
2,0001,stimulus_set_group2_subject0001.json,-13.048101604704925
2,0001,stimulus_set_group2_subject0001.json,110.62782383436888
2,0001,stimulus_set_group2_subject0001.json,-106.67318882593509
2,0001,stimulus_set_group2_subject0001.json,-100.76945649792196
2,0002,stimulus_set_group2_subject0002.json,69.36474558599775
2,0002,stimulus_set_group2_subject0002.json,-24.60268841071411
2,0002,stimulus_set_group2_subject0002.json,141.8094386192231
2,0002,stimulus_set_group2_subject0002.json,-151.51211099722718
2,0002,stimulus_set_group2_subject0002.json,64.26059529465783
2,0002,stimulus_set_group2_subject0002.json,-157.9286271777994
2,0002,stimulus_set_group2_subject0002.json,33.99993907939506
2,0002,stimulus_set_group2_subject0002.json,-134.45535130532312
2,0002,stimulus_set_group2_subject0002.json,-10.373020335682895
2,0002,stimulus_set_group2_subject0002.json,-46.930407231275694
2,0002,stimulus_set_group2_subject0002.json,-39.36997676717533
2,0002,stimulus_set_group2_subject0002.json,12.452932902559951
2,0002,stimulus_set_group2_subject0002.json,124.46575320403144
2,0002,stimulus_set_group2_subject0002.json,2.1426224567183
2,0002,stimulus_set_group2_subject0002.json,-85.99564542440817
2,0002,stimulus_set_group2_subject0002.json,-157.28572429170026
2,0002,stimulus_set_group2_subject0002.json,-5.3265936625612085
2,0002,stimulus_set_group2_subject0002.json,135.8822337367833
2,0002,stimulus_set_group2_subject0002.json,129.87204472730934
2,0002,stimulus_set_group2_subject0002.json,-48.513298899810025
2,0002,stimulus_set_group2_subject0002.json,151.31935611200993
2,0002,stimulus_set_group2_subject0002.json,114.69239307602788
2,0002,stimulus_set_group2_subject0002.json,-120.32075177738898
2,0002,stimulus_set_group2_subject0002.json,-40.42498907542972
2,0002,stimulus_set_group2_subject0002.json,-162.80264789359262
2,0002,stimulus_set_group2_subject0002.json,168.68151382238034
2,0002,stimulus_set_group2_subject0002.json,48.74856366256904
2,0002,stimulus_set_group2_subject0002.json,-171.91627975108258
2,0002,stimulus_set_group2_subject0002.json,-58.07210733633224
2,0002,stimulus_set_group2_subject0002.json,-167.55183291926664
2,0002,stimulus_set_group2_subject0002.json,86.27983342120092
2,0002,stimulus_set_group2_subject0002.json,51.24297867278824
2,0002,stimulus_set_group2_subject0002.json,59.33272139545761
2,0002,stimulus_set_group2_subject0002.json,-77.57063284643846
2,0002,stimulus_set_group2_subject0002.json,-19.562355944186265
2,0002,stimulus_set_group2_subject0002.json,-155.1014740781734
2,0002,stimulus_set_group2_subject0002.json,-101.7551471819861
2,0002,stimulus_set_group2_subject0002.json,144.8920088439263
2,0002,stimulus_set_group2_subject0002.json,125.91939098920125
2,0002,stimulus_set_group2_subject0002.json,135.23454325474472
2,0002,stimulus_set_group2_subject0002.json,-90.85119156764722
2,0002,stimulus_set_group2_subject0002.json,-21.174051424042545
2,0002,stimulus_set_group2_subject0002.json,-126.155482764299
2,0002,stimulus_set_group2_subject0002.json,-81.16229601024884
2,0002,stimulus_set_group2_subject0002.json,-124.65692377724258
2,0002,stimulus_set_group2_subject0002.json,-47.969845495372965
2,0002,stimulus_set_group2_subject0002.json,-170.1967182167616
2,0002,stimulus_set_group2_subject0002.json,156.8418798038267
2,0002,stimulus_set_group2_subject0002.json,64.27715676250432
2,0002,stimulus_set_group2_subject0002.json,-19.58601147688205
2,0002,stimulus_set_group2_subject0002.json,-43.627321381972706
2,0002,stimulus_set_group2_subject0002.json,35.08165868875517
2,0002,stimulus_set_group2_subject0002.json,164.84862848849025
2,0002,stimulus_set_group2_subject0002.json,163.95400785842958
2,0002,stimulus_set_group2_subject0002.json,20.433470005310255
2,0002,stimulus_set_group2_subject0002.json,63.82140168051092
2,0002,stimulus_set_group2_subject0002.json,92.85855077830661
2,0002,stimulus_set_group2_subject0002.json,113.82986898556896
2,0002,stimulus_set_group2_subject0002.json,-5.501942437357002
2,0002,stimulus_set_group2_subject0002.json,-36.26892093083188
2,0002,stimulus_set_group2_subject0002.json,-128.66638550694165
2,0002,stimulus_set_group2_subject0002.json,-161.50041157269993
2,0002,stimulus_set_group2_subject0002.json,-87.99639901068849
2,0002,stimulus_set_group2_subject0002.json,-69.67750789586717
2,0002,stimulus_set_group2_subject0002.json,-72.19328157460745
2,0002,stimulus_set_group2_subject0002.json,17.38140862678756
2,0002,stimulus_set_group2_subject0002.json,114.56654497040427
2,0002,stimulus_set_group2_subject0002.json,138.58540900609546
2,0002,stimulus_set_group2_subject0002.json,41.11734958419447
2,0002,stimulus_set_group2_subject0002.json,-134.47005873961893
2,0002,stimulus_set_group2_subject0002.json,58.465246337962526
2,0002,stimulus_set_group2_subject0002.json,-124.81607859167138
2,0002,stimulus_set_group2_subject0002.json,-55.224621766323935
2,0002,stimulus_set_group2_subject0002.json,148.74340996217393
2,0002,stimulus_set_group2_subject0002.json,-94.27557025165947
2,0002,stimulus_set_group2_subject0002.json,-43.22254085716531
2,0002,stimulus_set_group2_subject0002.json,59.896372441834046
2,0002,stimulus_set_group2_subject0002.json,-128.59909905200425
2,0002,stimulus_set_group2_subject0002.json,167.02885346146604
2,0002,stimulus_set_group2_subject0002.json,119.18971455168344
2,0002,stimulus_set_group2_subject0002.json,34.99960753010919
2,0002,stimulus_set_group2_subject0002.json,158.36466566069043
2,0002,stimulus_set_group2_subject0002.json,-21.040459521493176
2,0002,stimulus_set_group2_subject0002.json,-37.181874360066104
2,0002,stimulus_set_group2_subject0002.json,-61.39727691895041
2,0002,stimulus_set_group2_subject0002.json,178.5573868841252
2,0002,stimulus_set_group2_subject0002.json,153.47375876567503
2,0002,stimulus_set_group2_subject0002.json,-70.49441801495618
2,0002,stimulus_set_group2_subject0002.json,-74.95739267081285
2,0002,stimulus_set_group2_subject0002.json,60.71838477284382
2,0002,stimulus_set_group2_subject0002.json,-129.9820335019383
2,0002,stimulus_set_group2_subject0002.json,-138.35066958914717
2,0002,stimulus_set_group2_subject0002.json,-28.38570311732974
2,0002,stimulus_set_group2_subject0002.json,-123.05623979460938
2,0002,stimulus_set_group2_subject0002.json,-93.39600730518714
2,0002,stimulus_set_group2_subject0002.json,99.02220061606113
2,0002,stimulus_set_group2_subject0002.json,173.56047959143507
2,0002,stimulus_set_group2_subject0002.json,-146.4787749933837
2,0002,stimulus_set_group2_subject0002.json,68.43036403626206
2,0002,stimulus_set_group2_subject0002.json,-168.9541216025616
2,0002,stimulus_set_group2_subject0002.json,-2.361482633648393
2,0002,stimulus_set_group2_subject0002.json,109.45732966093988
2,0002,stimulus_set_group2_subject0002.json,-163.0173428948333
2,0002,stimulus_set_group2_subject0002.json,152.6695369201518
2,0002,stimulus_set_group2_subject0002.json,81.67959402800989
2,0002,stimulus_set_group2_subject0002.json,32.15738549709681
2,0002,stimulus_set_group2_subject0002.json,-110.62018921234221
2,0002,stimulus_set_group2_subject0002.json,0.05583560572199531
2,0002,stimulus_set_group2_subject0002.json,12.896612953122712
2,0002,stimulus_set_group2_subject0002.json,40.50712076404443
2,0002,stimulus_set_group2_subject0002.json,-14.730685045410382
2,0002,stimulus_set_group2_subject0002.json,-101.43116712710935
2,0002,stimulus_set_group2_subject0002.json,-58.750682213604705
2,0002,stimulus_set_group2_subject0002.json,141.22579434093814
2,0002,stimulus_set_group2_subject0002.json,26.740964365390482
2,0002,stimulus_set_group2_subject0002.json,-139.24265172410105
2,0002,stimulus_set_group2_subject0002.json,153.64352568266827
2,0002,stimulus_set_group2_subject0002.json,99.52589865910977
2,0002,stimulus_set_group2_subject0002.json,65.9410564288703
2,0002,stimulus_set_group2_subject0002.json,172.4932875583761
2,0002,stimulus_set_group2_subject0002.json,54.85625710090335
2,0002,stimulus_set_group2_subject0002.json,11.257786594702566
2,0002,stimulus_set_group2_subject0002.json,23.622548555175854
2,0002,stimulus_set_group2_subject0002.json,-17.66413260957188
2,0002,stimulus_set_group2_subject0002.json,-31.999020644012035
2,0002,stimulus_set_group2_subject0002.json,179.5785660141505
2,0002,stimulus_set_group2_subject0002.json,159.55460005731493
2,0002,stimulus_set_group2_subject0002.json,70.9805267294903
2,0002,stimulus_set_group2_subject0002.json,42.48539347094015
2,0002,stimulus_set_group2_subject0002.json,138.6527069243259
2,0002,stimulus_set_group2_subject0002.json,108.01439587646564
2,0002,stimulus_set_group2_subject0002.json,25.819493744255624
2,0002,stimulus_set_group2_subject0002.json,-16.57295091183596
2,0002,stimulus_set_group2_subject0002.json,102.0834400284175
2,0002,stimulus_set_group2_subject0002.json,83.3813409625725
2,0003,stimulus_set_group2_subject0003.json,-19.62751972174783
2,0003,stimulus_set_group2_subject0003.json,-178.86253754158588
2,0003,stimulus_set_group2_subject0003.json,-119.94071509541527
2,0003,stimulus_set_group2_subject0003.json,124.08097902900772
2,0003,stimulus_set_group2_subject0003.json,-161.80540004875706
2,0003,stimulus_set_group2_subject0003.json,122.6254601925998
2,0003,stimulus_set_group2_subject0003.json,89.20498595836625
2,0003,stimulus_set_group2_subject0003.json,-72.2650796823923
2,0003,stimulus_set_group2_subject0003.json,-37.528161675265665
2,0003,stimulus_set_group2_subject0003.json,-36.89675922882725
2,0003,stimulus_set_group2_subject0003.json,172.9575817997195
2,0003,stimulus_set_group2_subject0003.json,5.123517343339699
2,0003,stimulus_set_group2_subject0003.json,-81.004273983227
2,0003,stimulus_set_group2_subject0003.json,-177.58819311999196
2,0003,stimulus_set_group2_subject0003.json,123.75506568251103
2,0003,stimulus_set_group2_subject0003.json,10.679188509353253
2,0003,stimulus_set_group2_subject0003.json,-161.54075903341572
2,0003,stimulus_set_group2_subject0003.json,63.431508043506255
2,0003,stimulus_set_group2_subject0003.json,102.4222172548541
2,0003,stimulus_set_group2_subject0003.json,-140.14930999513967
2,0003,stimulus_set_group2_subject0003.json,146.75177996406205
2,0003,stimulus_set_group2_subject0003.json,100.59772435025161
2,0003,stimulus_set_group2_subject0003.json,-19.93249621856785
2,0003,stimulus_set_group2_subject0003.json,87.27142177048017
2,0003,stimulus_set_group2_subject0003.json,82.36547363860097
2,0003,stimulus_set_group2_subject0003.json,174.7730674744414
2,0003,stimulus_set_group2_subject0003.json,-156.1965099933143
2,0003,stimulus_set_group2_subject0003.json,121.97699773835598
2,0003,stimulus_set_group2_subject0003.json,102.57570748552484
2,0003,stimulus_set_group2_subject0003.json,94.50087303332043
2,0003,stimulus_set_group2_subject0003.json,-83.1352092091264
2,0003,stimulus_set_group2_subject0003.json,164.74640656046904
2,0003,stimulus_set_group2_subject0003.json,111.6096572887061
2,0003,stimulus_set_group2_subject0003.json,-62.924928177631955
2,0003,stimulus_set_group2_subject0003.json,-112.37286036556748
2,0003,stimulus_set_group2_subject0003.json,20.570937472178684
2,0003,stimulus_set_group2_subject0003.json,-85.02995502432691
2,0003,stimulus_set_group2_subject0003.json,79.82338805946438
2,0003,stimulus_set_group2_subject0003.json,41.601078634933856
2,0003,stimulus_set_group2_subject0003.json,-178.59517343731295
2,0003,stimulus_set_group2_subject0003.json,-121.91342586616565
2,0003,stimulus_set_group2_subject0003.json,-63.907674406599654
2,0003,stimulus_set_group2_subject0003.json,-144.47753999142537
2,0003,stimulus_set_group2_subject0003.json,92.35131188580613
2,0003,stimulus_set_group2_subject0003.json,-19.245909967369926
2,0003,stimulus_set_group2_subject0003.json,-144.63721430255418
2,0003,stimulus_set_group2_subject0003.json,65.46963042344169
2,0003,stimulus_set_group2_subject0003.json,-52.26286705297662
2,0003,stimulus_set_group2_subject0003.json,51.24412237809156
2,0003,stimulus_set_group2_subject0003.json,156.74922474778464
2,0003,stimulus_set_group2_subject0003.json,-22.148951450320055
2,0003,stimulus_set_group2_subject0003.json,-159.41639138069854
2,0003,stimulus_set_group2_subject0003.json,-125.25360968411974
2,0003,stimulus_set_group2_subject0003.json,-18.219495918233633
2,0003,stimulus_set_group2_subject0003.json,38.32793893790381
2,0003,stimulus_set_group2_subject0003.json,173.02212864999888
2,0003,stimulus_set_group2_subject0003.json,-69.26147123750707
2,0003,stimulus_set_group2_subject0003.json,-34.44074214075613
2,0003,stimulus_set_group2_subject0003.json,151.30524798129522
2,0003,stimulus_set_group2_subject0003.json,-93.74591892251829
2,0003,stimulus_set_group2_subject0003.json,-109.68844208386759
2,0003,stimulus_set_group2_subject0003.json,-111.84377642680715
2,0003,stimulus_set_group2_subject0003.json,89.39088591900327
2,0003,stimulus_set_group2_subject0003.json,-15.565920437660452
2,0003,stimulus_set_group2_subject0003.json,-50.4740211406629
2,0003,stimulus_set_group2_subject0003.json,-51.86933042078499
2,0003,stimulus_set_group2_subject0003.json,124.76290981269813
2,0003,stimulus_set_group2_subject0003.json,-96.00804980294993
2,0003,stimulus_set_group2_subject0003.json,50.03060564193129
2,0003,stimulus_set_group2_subject0003.json,136.52022805803767
2,0003,stimulus_set_group2_subject0003.json,-168.86986952115353
2,0003,stimulus_set_group2_subject0003.json,-157.07004876983137
2,0003,stimulus_set_group2_subject0003.json,117.67606723509084
2,0003,stimulus_set_group2_subject0003.json,170.09531371007688
2,0003,stimulus_set_group2_subject0003.json,113.34396385524519
2,0003,stimulus_set_group2_subject0003.json,108.15565967183329
2,0003,stimulus_set_group2_subject0003.json,-14.46436159043833
2,0003,stimulus_set_group2_subject0003.json,18.096627809053416
2,0003,stimulus_set_group2_subject0003.json,112.63337484738668
2,0003,stimulus_set_group2_subject0003.json,-9.550893169012852
2,0003,stimulus_set_group2_subject0003.json,-148.9197362257164
2,0003,stimulus_set_group2_subject0003.json,8.12845759807169
2,0003,stimulus_set_group2_subject0003.json,45.541820742251275
2,0003,stimulus_set_group2_subject0003.json,40.369908041972394
2,0003,stimulus_set_group2_subject0003.json,-29.941799371707702
2,0003,stimulus_set_group2_subject0003.json,-85.11701090888937
2,0003,stimulus_set_group2_subject0003.json,-32.057800310667744
2,0003,stimulus_set_group2_subject0003.json,166.41154237187857
2,0003,stimulus_set_group2_subject0003.json,-4.168097905800778
2,0003,stimulus_set_group2_subject0003.json,-99.08944442079007
2,0003,stimulus_set_group2_subject0003.json,-94.91371888592289
2,0003,stimulus_set_group2_subject0003.json,136.41770019859428
2,0003,stimulus_set_group2_subject0003.json,86.97690065816982
2,0003,stimulus_set_group2_subject0003.json,-147.4125098286172
2,0003,stimulus_set_group2_subject0003.json,-92.91361887633366
2,0003,stimulus_set_group2_subject0003.json,-143.96684950454414
2,0003,stimulus_set_group2_subject0003.json,155.58795007299318
2,0003,stimulus_set_group2_subject0003.json,-29.002676489289797
2,0003,stimulus_set_group2_subject0003.json,1.0603102648908589
2,0003,stimulus_set_group2_subject0003.json,-152.23682979034947
2,0003,stimulus_set_group2_subject0003.json,42.766330849070755
2,0003,stimulus_set_group2_subject0003.json,74.31226687364574
2,0003,stimulus_set_group2_subject0003.json,-10.379558371739677
2,0003,stimulus_set_group2_subject0003.json,-66.34842843234242
2,0003,stimulus_set_group2_subject0003.json,-145.22904600319043
2,0003,stimulus_set_group2_subject0003.json,2.928123933850884
2,0003,stimulus_set_group2_subject0003.json,30.85553099894537
2,0003,stimulus_set_group2_subject0003.json,105.4488304729432
2,0003,stimulus_set_group2_subject0003.json,107.48653719503545
2,0003,stimulus_set_group2_subject0003.json,122.61556883694925
2,0003,stimulus_set_group2_subject0003.json,-12.308825842042552
2,0003,stimulus_set_group2_subject0003.json,168.0507177540744
2,0003,stimulus_set_group2_subject0003.json,-93.4152658340322
2,0003,stimulus_set_group2_subject0003.json,-117.39017017906463
2,0003,stimulus_set_group2_subject0003.json,-132.4597712506436
2,0003,stimulus_set_group2_subject0003.json,-149.49721814924396
2,0003,stimulus_set_group2_subject0003.json,-46.26776851069758
2,0003,stimulus_set_group2_subject0003.json,-96.41874684401068
2,0003,stimulus_set_group2_subject0003.json,-118.86992528144356
2,0003,stimulus_set_group2_subject0003.json,-107.27661903349849
2,0003,stimulus_set_group2_subject0003.json,52.764447466390266
2,0003,stimulus_set_group2_subject0003.json,-123.62950367770395
2,0003,stimulus_set_group2_subject0003.json,18.13538704923735
2,0003,stimulus_set_group2_subject0003.json,5.706578707730614
2,0003,stimulus_set_group2_subject0003.json,-72.4605822380397
2,0003,stimulus_set_group2_subject0003.json,154.7465034975162
2,0003,stimulus_set_group2_subject0003.json,140.8462757961397
2,0003,stimulus_set_group2_subject0003.json,0.7838878654877135
2,0003,stimulus_set_group2_subject0003.json,62.090056700966215
2,0003,stimulus_set_group2_subject0003.json,-93.59899297264269
2,0003,stimulus_set_group2_subject0003.json,-65.72944958049789
2,0003,stimulus_set_group2_subject0003.json,-3.002380387304356
2,0003,stimulus_set_group2_subject0003.json,-158.1591494537695
2,0003,stimulus_set_group2_subject0003.json,149.72525417228167
2,0003,stimulus_set_group2_subject0003.json,105.46385509298398
