subject_id,unit_type,segment_kind,physicsKind,pendulum_E_J,pendulum_T_sec,pendulum_regime,total_time_T,show_T,fade_T,hide_T,total_time_sec,show_sec,fade_sec,hide_sec,w_max_deg,theta_actual_deg,theta_estimated_deg,delta_theta_deg,abs_delta_theta_deg,theta_actual_rad,theta_estimated_rad,delta_theta_rad,abs_delta_theta_rad,rt_estimate_sec
0003,pendulumPractice,practice,pendulum,40.18000000002992,4.765539303563009,oscillation,1.2953475054155887,1.1589516100939363,0.03147597584345822,0.10491991947819408,6.1730294488302855,5.523029448830285,0.15,0.5,91.43254373761026,28.581536631022207,-9.40814808865803,-37.98968471968024,37.98968471968024,0.49884191949070517,-0.16420316066229404,-0.6630450801529992,0.6630450801529992,5.4325
0003,pendulumStimulus,practice,pendulum,40.17999999998825,4.765539303561826,oscillation,1.5134130210418444,1.3770171257201582,0.031475975843466036,0.10491991947822013,7.21222923429715,6.56222923429715,0.15,0.5,91.43254373754932,-0.35760136535801806,11.719539036207873,12.077140401565892,12.077140401565892,-0.006241321235124606,0.20454454299783034,0.21078586423295495,0.21078586423295495,5.09589999999851
0003,pendulumStimulus,practice,pendulum,40.17999999998854,4.765539303561834,oscillation,1.5244760591805169,1.388080163858831,0.03147597584346599,0.10491991947821995,7.26495057736381,6.6149505773638095,0.15,0.5,91.43254373754974,-3.7518509291404105,0.47802319861900433,4.229874127759415,4.229874127759415,-0.06548215175750863,0.008343078716816436,0.07382523047432507,0.07382523047432507,3.2957000000029804
0003,pendulumStimulus,practice,pendulum,40.17999999997007,4.765539303561309,oscillation,2.008047615810145,1.871651720488444,0.03147597584346945,0.10491991947823151,9.569429836565826,8.919429836565826,0.15,0.5,91.43254373752275,10.128160134123954,8.148785933551798,-1.9793742005721568,1.9793742005721555,0.1767697415096935,0.14222314458067872,-0.03454659692901477,0.03454659692901474,3.1722999999970196
0003,pendulumStimulus,practice,pendulum,40.18000000000966,4.765539303562433,oscillation,1.9367245027598012,1.8003286074381322,0.031475975843462026,0.10491991947820675,9.229536738074243,8.579536738074243,0.15,0.5,91.43254373758064,62.315375706068785,23.4601222870683,-38.855253419000476,38.85525341900049,1.0876084806881865,0.4094563768298442,-0.6781521038583421,0.6781521038583423,4.41670000000298
0003,pendulumStimulus,practice,pendulum,40.18000000000933,4.765539303562424,oscillation,1.3993278568878789,1.2629319615662098,0.03147597584346209,0.10491991947820697,6.6685519005689615,6.018551900568961,0.15,0.5,91.43254373758016,46.254533074710324,42.446380387168624,-3.808152687541702,3.8081526875416953,0.8072938961263115,0.740829093310038,-0.06646480281627354,0.06646480281627343,3.7515
0003,pendulumPractice,block,pendulum,50.47000000000568,5.110679999168523,oscillation,2.1206968191176694,1.9935121783055365,0.02935030172587681,0.09783433908625604,10.83820281776498,10.18820281776498,0.15,0.5,106.70834371566391,-1.8803387099005857,-9.028509875037933,-7.148171165137348,7.148171165137348,-0.032818101540467715,-0.15757722386823372,-0.12475912232776601,0.12475912232776601,2.1339000000059603
0003,pendulumStimulus,block,pendulum,50.470000000005804,5.1106799991685286,oscillation,2.1229524586446624,1.9957678178325295,0.029350301725876778,0.09783433908625593,10.849730669580929,10.199730669580928,0.15,0.5,106.70834371566411,-26.133673472113674,6.012636013726629,32.1463094858403,32.14630948584031,-0.45611864772948213,0.10494029516351665,0.5610589428929986,0.561058942892999,4.37210000000149
0003,pendulumStimulus,block,pendulum,50.469999999983,5.110679999167618,oscillation,1.3493514649667113,1.2221668241545558,0.029350301725882006,0.09783433908627336,6.896103543852896,6.246103543852896,0.15,0.5,106.7083437156293,38.08426731061064,28.307188806927588,-9.777078503683056,9.777078503683056,0.6646958577798017,0.4940536466645718,-0.17064221111522984,0.17064221111522984,2.97710000000149
0003,pendulumStimulus,block,pendulum,50.47000000004016,5.110679999169899,oscillation,1.3596366368796375,1.2324519960675389,0.02935030172586891,0.0978343390862297,6.9486677662393905,6.29866776623939,0.15,0.5,106.70834371571652,52.57819556378883,34.17105413377359,-18.407141430015244,18.407141430015244,0.9176626273455913,0.596397403511568,-0.3212652238340234,0.3212652238340234,3.2946999999955295
0003,pendulumStimulus,block,pendulum,50.470000000034865,5.1106799991696885,oscillation,1.524213856514891,1.397029215702787,0.029350301725870116,0.09783433908623372,7.789769270947951,7.1397692709479506,0.15,0.5,106.70834371570845,-33.39891287892516,-30.127500925156898,3.271411953768263,3.271411953768257,-0.5829209963239823,-0.5258240865416256,0.05709690978235671,0.0570969097823566,3.6300999999940395
0003,pendulumStimulus,block,pendulum,50.470000000023575,5.110679999169238,oscillation,2.0086026682615143,1.8814180274493992,0.0293503017258727,0.09783433908624234,10.265325482962085,9.615325482962085,0.15,0.5,106.70834371569123,-20.96741304156535,-27.333612045362884,-6.366199003797532,6.3661990037975285,-0.36595039320091405,-0.47706152665436397,-0.11111113345344992,0.11111113345344986,2.4541000000014903
0003,pendulumPractice,block,pendulum,56.35000000002085,5.376706026625169,oscillation,1.2644697989471785,1.143577937502414,0.02789812187186872,0.09299373957289574,6.798682388484811,6.1486823884848105,0.15,0.5,115.9444797724039,29.616528528394817,8.065717063533185,-21.55081146486163,21.55081146486163,0.5169059358313205,0.14077331929294273,-0.37613261653837776,0.37613261653837776,3.40189999999851
0003,pendulumStimulus,block,pendulum,56.3499999999887,5.376706026623513,oscillation,1.4884916477040355,1.367599786259234,0.027898121871877315,0.0929937395729244,8.00318201278905,7.353182012789051,0.15,0.5,115.94447977235164,-55.95762758467102,-36.977185635146334,18.980441949524685,18.980441949524693,-0.9766448429573114,-0.6453736374544542,0.3312712055028571,0.3312712055028572,3.95610000000149
0003,pendulumStimulus,block,pendulum,56.34999999999946,5.376706026624068,oscillation,1.1474676470407128,1.0265757855959237,0.027898121871874435,0.09299373957291479,6.16959621319994,5.519596213199939,0.15,0.5,115.94447977236915,-34.32368709837647,-5.672121994574657,28.651565103801808,28.651565103801808,-0.5990613512909682,-0.09899720438011571,0.5000641469108524,0.5000641469108524,2.3845
0003,pendulumStimulus,block,pendulum,56.350000000017545,5.376706026624998,oscillation,1.8499856684957265,1.7290938070509583,0.02789812187186961,0.0929937395728987,9.946829092970848,9.296829092970848,0.15,0.5,115.94447977239851,52.02575130236136,41.63767042721472,-10.388080875146642,10.388080875146631,0.9080206560499336,0.7267144418151708,-0.18130621423476287,0.18130621423476267,3.00810000000149
0003,pendulumStimulus,block,pendulum,56.35000000001759,5.3767060266249995,oscillation,2.0727500508674055,1.9518581894226372,0.027898121871869602,0.09299373957289868,11.144567690186054,10.494567690186054,0.15,0.5,115.94447977239858,45.037695850556496,40.763152984028295,-4.274542866528202,4.274542866528202,0.7860560801039989,0.7114512330654452,-0.07460484703855365,0.07460484703855365,3.15539999999851
0003,pendulumStimulus,block,pendulum,56.3499999999851,5.376706026623327,oscillation,1.9092504536402424,1.7883585921954364,0.02789812187187828,0.0929937395729276,10.265478420420813,9.615478420420812,0.15,0.5,115.94447977234579,-13.676840387434412,22.363928185694718,36.04076857312913,36.04076857312913,-0.23870589603046738,0.3903241805199346,0.629030076550402,0.629030076550402,3.1295
0003,pendulumPractice,block,pendulum,53.4099999999928,5.235252547606677,oscillation,1.4451652063922789,1.321006917161867,0.028651912899325796,0.095506376331086,7.565804828477708,6.915804828477707,0.15,0.5,111.25380918534837,-20.688262780058583,-3.348625728382569,17.339637051676014,17.339637051676014,-0.3610783020298177,-0.05844454437726916,0.3026337576525486,0.3026337576525486,2.2445
0003,pendulumStimulus,block,pendulum,53.4099999999865,5.235252547606393,oscillation,1.989279588864175,1.8651212996337563,0.02865191289932735,0.09550637633109117,10.41438103550257,9.76438103550257,0.15,0.5,111.25380918533853,49.14909084843183,19.900467038670623,-29.248623809761206,29.248623809761206,0.8578134596669488,0.3473286725094081,-0.5104847871575406,0.5104847871575406,2.4245999999940397
0003,pendulumStimulus,block,pendulum,53.41000000002111,5.23525254760795,oscillation,1.95498603227823,1.8308277430478483,0.02865191289931883,0.09550637633106276,10.234845606022562,9.584845606022562,0.15,0.5,111.25380918539278,47.29004631329093,40.51774980239236,-6.772296510898579,6.772296510898567,0.8253670115875327,0.7071681395510284,-0.11819887203650425,0.11819887203650405,3.0268000000044704
0003,pendulumStimulus,block,pendulum,53.4099999999609,5.235252547605241,oscillation,2.07783944759799,1.9536811583675444,0.028651912899333654,0.09550637633111218,10.878014261552046,10.228014261552046,0.15,0.5,111.25380918529837,66.02198631312521,51.90044941483478,-14.121536898290424,14.121536898290424,1.1523010398706668,0.9058337255536313,-0.2464673143170355,0.2464673143170355,2.61280000000447
0003,pendulumStimulus,block,pendulum,53.409999999971504,5.235252547605718,oscillation,2.0101414750730675,1.8859831858426332,0.028651912899331045,0.0955063763311035,10.523598278424194,9.873598278424193,0.15,0.5,111.25380918531499,38.755236941766675,32.47700296556247,-6.278233976204202,6.278233976204208,0.6764064870243663,0.5668306329290277,-0.10957585409533865,0.10957585409533875,2.1962999999970196
0003,pendulumStimulus,block,pendulum,53.41000000001705,5.235252547607769,oscillation,1.3281097285849548,1.2039514393545687,0.02865191289931982,0.09550637633106608,6.952989840077047,6.302989840077046,0.15,0.5,111.25380918538642,-30.052780030162893,-0.4098690490656579,29.642910981097238,29.642910981097238,-0.5245199609039433,-0.007153564408213918,0.5173663964957294,0.5173663964957294,2.9384000000059602
0003,pendulumPractice,block,pendulum,18.129999999976302,4.282342728140746,oscillation,1.9827816529711972,1.8309955766890198,0.03502755606511792,0.11675852021705974,8.490950593092094,7.840950593092095,0.15,0.5,57.486385366737565,4.060960475522292,6.841386557598227,2.780426082075935,2.780426082075936,0.0708771310912186,0.11940472083176976,0.04852758974055116,0.04852758974055117,2.0695
0003,pendulumStimulus,block,pendulum,18.129999999983255,4.282342728140865,oscillation,2.000851707211718,1.8490656309295446,0.03502755606511695,0.11675852021705649,8.568332758466335,7.918332758466335,0.15,0.5,57.486385366749616,-10.399129798176128,-6.218821447093823,4.180308351082306,4.180308351082306,-0.18149905432042684,-0.10853890984542555,0.07296014447500129,0.07296014447500129,2.5193000000044705
0003,pendulumStimulus,block,pendulum,18.13000000002112,4.282342728141516,oscillation,2.1299673576420166,1.9781812813598663,0.03502755606511162,0.11675852021703874,9.12125022517709,8.471250225177089,0.15,0.5,57.48638536681525,20.119498654698305,30.677619627905585,10.558120973207282,10.558120973207282,0.35115149537505513,0.5354254691813902,0.1842739738063351,0.1842739738063351,1.961
0003,pendulumStimulus,block,pendulum,18.12999999998656,4.282342728140922,oscillation,1.561103618382497,1.4093175421003252,0.03502755606511648,0.11675852021705493,6.685180728054766,6.035180728054765,0.15,0.5,57.48638536675534,28.848150019797504,18.609218040403416,-10.238931979394087,10.238931979394087,0.5034952009547338,0.32479212602656676,-0.178703074928167,0.178703074928167,2.1838000000044704
0003,pendulumStimulus,block,pendulum,18.13000000001704,4.282342728141446,oscillation,1.4203490234492366,1.2685629471670836,0.035027556065112195,0.11675852021704065,6.082421311990642,5.432421311990642,0.15,0.5,57.48638536680817,-1.216449701544896,-10.292813410718724,-9.076363709173828,9.076363709173828,-0.021231052476860787,-0.17964348331046914,-0.15841243083360837,0.15841243083360837,1.7859000000059604
0003,pendulumStimulus,block,pendulum,18.12999999998555,4.282342728140904,oscillation,1.969413899262457,1.8176278229802847,0.03502755606511663,0.11675852021705542,8.433705290206206,7.783705290206204,0.15,0.5,57.48638536675359,-0.5500991889583722,-10.562312966591174,-10.012213777632802,10.0122137776328,-0.00960104205987403,-0.1843471378931058,-0.17474609583323178,0.17474609583323175,4.22819999999553
0003,pendulumPractice,block,pendulum,65.16999999999213,5.966582060675792,oscillation,1.730034062955481,1.6210939707234502,0.025140021284314754,0.08380007094771584,10.322390204388226,9.672390204388225,0.15,0.5,131.49081685563647,-67.26396411790397,-64.59189321488047,2.672070903023496,2.672070903023496,-1.1739776418007475,-1.1273412066962494,0.04663643510449811,0.04663643510449811,2.63310000000149
0003,pendulumStimulus,block,pendulum,65.16999999998968,5.966582060675574,oscillation,1.9691641555074164,1.860224063275382,0.025140021284315674,0.08380007094771891,11.749179524775917,11.099179524775916,0.15,0.5,131.4908168556317,27.3806907365842,58.16430279293667,30.78361205635247,30.78361205635247,0.47788320482370567,1.0151585908636784,0.5372753860399728,0.5372753860399728,2.6435
0003,pendulumStimulus,block,pendulum,65.1700000000213,5.966582060678377,oscillation,1.3274990705213492,1.2185589782893658,0.025140021284303864,0.08380007094767955,7.920632139739902,7.270632139739901,0.15,0.5,131.4908168556934,-52.0007387554258,13.222471964427829,65.22321071985363,65.22321071985363,-0.9075841047515986,0.23077567103190816,1.1383597757835067,1.1383597757835067,2.1865
0003,pendulumStimulus,block,pendulum,65.16999999995993,5.966582060672936,oscillation,1.3695188500825362,1.2605787578504533,0.02514002128432679,0.08380007094775596,8.171346602655888,7.521346602655887,0.15,0.5,131.49081685557363,-36.47871562665998,-2.627660098909543,33.85105552775043,33.85105552775043,-0.6366736945839232,-0.04586132034925138,0.5908123742346717,0.5908123742346717,2.7265
0003,pendulumStimulus,block,pendulum,65.17000000002614,5.966582060678806,oscillation,1.8601053004058914,1.7511652081739157,0.025140021284302056,0.08380007094767351,11.098470916375353,10.448470916375353,0.15,0.5,131.49081685570283,-40.66143239496925,-36.82574185763784,3.8356905373314154,3.8356905373314154,-0.7096758738692969,-0.6427304449052732,0.06694542896402367,0.06694542896402367,1.7055999999940394
0003,pendulumStimulus,block,pendulum,65.16999999999797,5.96658206067631,oscillation,1.6284565861243185,1.5195164938922971,0.025140021284312572,0.08380007094770857,9.716319853359545,9.066319853359545,0.15,0.5,131.49081685564786,67.98607602326831,57.27756438569588,-10.708511637572432,10.708511637572425,1.186580872117205,0.9996820860534364,-0.18689878606376864,0.18689878606376853,2.8185
0003,pendulumPractice,block,pendulum,15.19000000000459,4.2331607220106315,oscillation,2.117322235771826,1.963772667804733,0.03543451568471377,0.11811505228237924,8.962965324309028,8.312965324309028,0.15,0.5,52.2295104113727,-32.397122887245864,-43.21383586398791,-10.816712976742046,10.816712976742046,-0.5654364625556519,-0.7542237182429975,-0.18878725568734553,0.18878725568734553,1.9700999999940396
0003,pendulumStimulus,block,pendulum,15.189999999988618,4.233160722010371,oscillation,1.5934565045716322,1.4399069366045296,0.03543451568471595,0.1181150522823865,6.745357487384573,6.095357487384573,0.15,0.5,52.22951041134317,3.9246517279489503,-21.00168282248597,-24.926334550434927,24.926334550434927,0.06849809464679395,-0.36654851371191605,-0.43504660835871,0.43504660835871,2.8119000000059606
0003,pendulumStimulus,block,pendulum,15.190000000015417,4.233160722010807,oscillation,2.0920596510948535,1.9385100831277668,0.0354345156847123,0.11811505228237433,8.856024743118368,8.206024743118368,0.15,0.5,52.229510411392724,-10.741182360987715,-3.565306094728336,7.175876266259379,7.175876266259379,-0.18746899775637374,-0.06222633019443031,0.12524266756194344,0.12524266756194344,2.2308999999985097
0003,pendulumStimulus,block,pendulum,15.189999999987045,4.2331607220103455,oscillation,1.9366163503689784,1.7830667824018747,0.035434515684716165,0.11811505228238722,8.198008267984985,7.548008267984984,0.15,0.5,52.22951041134028,1.0793555146185574,5.558381487636334,4.479025973017777,4.479025973017776,0.018838307529651613,0.09701205804115451,0.0781737505115029,0.07817375051150288,2.2025
0003,pendulumStimulus,block,pendulum,15.19000000000307,4.233160722010607,oscillation,1.40774532564301,1.254195757675916,0.03543451568471398,0.11811505228237994,5.95921221910602,5.30921221910602,0.15,0.5,52.22951041136991,8.583264996177004,5.720431321372443,-2.8628336748045595,2.862833674804561,0.1498062347544672,0.099840361192159,-0.049965873562308194,0.04996587356230822,2.1002000000029803
0003,pendulumStimulus,block,pendulum,15.189999999992727,4.233160722010439,oscillation,1.9385298529485295,1.7849802849814296,0.03543451568471538,0.11811505228238461,8.206108431946387,7.556108431946387,0.15,0.5,52.22951041135078,-6.4689665501386004,-5.744895189828299,0.724071360310301,0.724071360310301,-0.11290476550129741,-0.10026733624448847,0.012637429256808943,0.012637429256808943,2.638
0003,pendulumPractice,block,pendulum,35.76999999999519,4.647657590940545,oscillation,1.435897990966544,1.296042593428865,0.03227432250869508,0.1075810750289836,6.673562197531936,6.023562197531936,0.15,0.5,84.98019986831483,-26.97382770686471,-8.504879964736125,18.468947742128588,18.468947742128588,-0.47078210535046106,-0.1484381578715446,0.3223439474789165,0.3223439474789165,11.59669999999553
0003,pendulumStimulus,block,pendulum,35.769999999987114,4.647657590940342,oscillation,1.570121458636931,1.4302660610992461,0.032274322508696496,0.10758107502898832,7.297386915932254,6.647386915932254,0.15,0.5,84.98019986830298,-7.40392687024672,-8.780490385110694,-1.3765635148639734,1.3765635148639734,-0.12922290146268425,-0.1532484671598865,-0.02402556569720224,0.02402556569720224,3.65380000000447
0003,pendulumStimulus,block,pendulum,35.77000000003855,4.647657590941637,oscillation,2.0581142435765982,1.9182588460389525,0.0322743225086875,0.10758107502895835,9.565410287183882,8.915410287183882,0.15,0.5,84.98019986837845,15.193353761946097,21.398627202175767,6.2052734402296705,6.2052734402296705,0.26517404756622615,0.37347650008478944,0.10830245251856331,0.10830245251856331,5.22639999999851
0003,pendulumStimulus,block,pendulum,35.770000000013,4.647657590940994,oscillation,1.4276916528105157,1.2878362552728504,0.032274322508691965,0.10758107502897322,6.635421947707886,5.985421947707886,0.15,0.5,84.98019986834095,32.899902803938105,4.620430935969422,-28.27947186796868,28.27947186796868,0.5742116275148343,0.08064173269366971,-0.49356989482116465,0.49356989482116465,3.2041999999955295
0003,pendulumStimulus,block,pendulum,35.76999999998863,4.64765759094038,oscillation,1.5950796409960442,1.4552242434583604,0.03227432250869623,0.10758107502898744,7.413384001629721,6.763384001629721,0.15,0.5,84.98019986830518,-47.72037794306128,-26.339986770913878,21.3803911721474,21.3803911721474,-0.8328777154024984,-0.45971949408419654,0.3731582213183019,0.3731582213183019,2.979
0003,pendulumStimulus,block,pendulum,35.77000000001092,4.647657590940941,oscillation,1.9883228027246327,1.848467405186966,0.03227432250869233,0.10758107502897445,9.241043567324107,8.591043567324107,0.15,0.5,84.98019986833789,31.997756414827784,40.083350051176,8.085593636348214,8.085593636348214,0.5584662026898813,0.6995864336224588,0.1411202309325774,0.1411202309325774,2.18189999999851
0003,pendulumPractice,block,pendulum,26.94999999998261,4.447612408439072,oscillation,1.6367891357712598,1.4906433073338121,0.033725960408641766,0.11241986802880588,7.279803670254521,6.62980367025452,0.15,0.5,71.79004313569023,-8.88348708465835,-8.95611344821951,-0.07262636356115955,0.07262636356115955,-0.15504609868568045,-0.15631366785357312,-0.0012675691678926684,0.0012675691678926684,2.322
0003,pendulumStimulus,block,pendulum,26.950000000018356,4.447612408439804,oscillation,2.120797681758544,1.9746518533211201,0.033725960408636214,0.11241986802878738,9.43248608517967,8.78248608517967,0.15,0.5,71.79004313574522,-37.93591751698778,-14.091869131081507,23.84404838590627,23.844048385906277,-0.6621066654364286,-0.2459495140975247,0.41615715133890385,0.416157151338904,1.49289999999851
0003,pendulumStimulus,block,pendulum,26.950000000018075,4.447612408439798,oscillation,1.1681604950189504,1.0220146665815264,0.03372596040863626,0.11241986802878755,5.19552511269546,4.54552511269546,0.15,0.5,71.79004313574481,-2.6987489128757023,-2.140265215491385,0.5584836973843171,0.5584836973843168,-0.04710205421429859,-0.03735467487623061,0.009747379338067977,0.009747379338067972,2.13310000000149
0003,pendulumStimulus,block,pendulum,26.949999999981628,4.447612408439052,oscillation,2.145994973039643,1.9998491446021944,0.03372596040864192,0.11241986802880641,9.544553870538945,8.894553870538944,0.15,0.5,71.79004313568873,7.369456953421252,4.811492373957935,-2.5579645794633166,2.5579645794633157,0.12862128792119124,0.08397638386016423,-0.044644904061027,0.04464490406102698,2.3088000000044704
0003,pendulumStimulus,block,pendulum,26.950000000009165,4.447612408439616,oscillation,1.5710303908180419,1.424884562380612,0.033725960408637644,0.11241986802879214,6.987334260238062,6.337334260238062,0.15,0.5,71.7900431357311,48.08561738856328,25.923387307193476,-22.162230081369803,22.1622300813698,0.8392523462846667,0.45244846178023285,-0.38680388450443387,0.3868038845044338,2.6627999999970196
0003,pendulumStimulus,block,pendulum,26.950000000006433,4.44761240843956,oscillation,1.6502462510451665,1.5041004226077348,0.03372596040863807,0.11241986802879356,7.339655703129347,6.689655703129347,0.15,0.5,71.79004313572689,10.017899559385224,-5.824127289896892,-15.842026849282117,15.842026849282114,0.17484533144536138,-0.10165019726395504,-0.27649552870931643,0.2764955287093164,1.74860000000149
0003,pendulumPractice,block,pendulum,44.589999999972584,4.899324052704918,oscillation,2.109871776153176,1.9772004131227732,0.03061646839163149,0.10205489463877163,10.336945541030502,9.686945541030502,0.15,0.5,97.90320773344412,47.44173625006771,46.99275228001266,-0.448983970055059,0.448983970055059,0.8280145004264295,0.8201782518602931,-0.007836248566136406,0.007836248566136406,2.038
0003,pendulumStimulus,block,pendulum,44.5899999999978,4.899324052705736,oscillation,2.0162824365150254,1.8836110734846443,0.030616468391626375,0.10205489463875458,9.87842103826619,9.22842103826619,0.15,0.5,97.90320773348134,41.75466595928309,44.18442702527349,2.429761065990407,2.429761065990407,0.7287563990598864,0.7711637296981863,0.042407330638299816,0.042407330638299816,1.75889999999851
0003,pendulumStimulus,block,pendulum,44.59000000002327,4.899324052706563,oscillation,1.333913895378619,1.2012425323482603,0.03061646839162121,0.10205489463873736,6.535276431867973,5.885276431867973,0.15,0.5,97.90320773351893,-2.3250807400739357,22.182117058091865,24.5071977981658,24.5071977981658,-0.04058031428899664,0.38715097772650137,0.427731292015498,0.427731292015498,1.6428999999985099
0003,pendulumStimulus,block,pendulum,44.5899999999722,4.899324052704905,oscillation,1.3294110387403812,1.1967396757099777,0.030616468391631565,0.10205489463877189,6.513215478032163,5.863215478032163,0.15,0.5,97.90320773344358,-37.18662856868902,-24.267112204231278,12.919516364457738,12.919516364457738,-0.6490291062398097,-0.4235410079147344,0.22548809832507524,0.22548809832507524,3.7026999999955295
0003,pendulumStimulus,block,pendulum,44.589999999979035,4.899324052705127,oscillation,1.422646283249208,1.2899749202188104,0.030616468391630177,0.10205489463876727,6.970005154014396,6.320005154014396,0.15,0.5,97.90320773345364,64.3943210113282,48.311553437257764,-16.082767574070445,16.082767574070445,1.123892921233842,0.8431956742333317,-0.2806972470005103,0.2806972470005103,5.2245
0003,pendulumStimulus,block,pendulum,44.59000000000291,4.899324052705902,oscillation,1.647842803581434,1.5151714405510575,0.030616468391625337,0.10205489463875113,8.073315882664847,7.423315882664847,0.15,0.5,97.90320773348887,-34.7787607118867,-7.4506781301015845,27.32808258178511,27.328082581785107,-0.6070038841856699,-0.1300388648766071,0.4769650193090627,0.47696501930906265,2.42339999999851
0003,pendulumPractice,block,pendulum,59.290000000015354,5.539996411480997,oscillation,1.562867163233972,1.445538567379117,0.027075829812658807,0.09025276604219602,8.65827847593769,8.00827847593769,0.15,0.5,120.83049743181404,-76.64940702632441,-64.58219209117729,12.06721493514712,12.06721493514712,-1.3377845223106368,-1.1271718901464856,0.21061263216415124,0.21061263216415124,1.80560000000149
0003,pendulumStimulus,block,pendulum,59.28999999999267,5.539996411479636,oscillation,1.915741447844153,1.7984128519892693,0.027075829812665462,0.09025276604221821,10.613200746379409,9.963200746379409,0.15,0.5,120.83049743177544,-55.02085718671698,-24.515017352592718,30.505839834124266,30.505839834124266,-0.9602951151777959,-0.4278677689862866,0.5324273461915092,0.5324273461915092,2.0806999999955296
0003,pendulumStimulus,block,pendulum,59.28999999998372,5.539996411479097,oscillation,1.3131798200966733,1.1958512242417783,0.02707582981266809,0.09025276604222698,7.275011490962338,6.625011490962337,0.15,0.5,120.83049743176016,44.6356380952022,57.986645276612194,13.351007181409987,13.351007181409994,0.7790388484898886,1.0120578822629007,0.23301903377301214,0.23301903377301225,1.7263999999985098
0003,pendulumStimulus,block,pendulum,59.29000000001163,5.539996411480774,oscillation,2.056659762068238,1.9393311662133783,0.027075829812659897,0.09025276604219966,11.393887701494942,10.743887701494941,0.15,0.5,120.8304974318077,-3.361501562533991,-20.227940161833175,-16.866438599299183,16.866438599299183,-0.058669270077152204,-0.35304415672038353,-0.2943748866432313,0.2943748866432313,1.8953999999985098
0003,pendulumStimulus,block,pendulum,59.28999999998449,5.5399964114791445,oscillation,2.06935447689201,1.952025881037116,0.027075829812667863,0.0902527660422262,11.464216376060039,10.814216376060038,0.15,0.5,120.83049743176149,-41.08904640313412,-36.428567322930505,4.660479080203616,4.660479080203622,-0.7171391462394237,-0.6357984415695537,0.08134070466986998,0.08134070466987009,3.75210000000149
0003,pendulumStimulus,block,pendulum,59.290000000014246,5.53999641148093,oscillation,1.979117980246015,1.8617893843911588,0.027075829812659137,0.09025276604219713,10.964306508460309,10.314306508460309,0.15,0.5,120.83049743181212,-16.579741628511112,-21.244431368291274,-4.6646897397801625,4.6646897397801625,-0.28937108054748545,-0.3707852750906468,-0.08141419454316134,0.08141419454316134,1.4365
0003,pendulumPractice,block,pendulum,3.4300000000054207,4.059199382272377,oscillation,1.6817960206949063,1.52166592143476,0.036953099829264514,0.12317699943088171,6.826745368312905,6.176745368312905,0.15,0.5,24.14684799652175,-14.659151060591055,-15.944795389946425,-1.2856443293553697,1.2856443293553697,-0.2558504515545327,-0.27828917811137827,-0.02243872655684559,0.02243872655684559,1.6478999999985098
0003,pendulumStimulus,block,pendulum,3.430000000000179,4.059199382272306,oscillation,1.890239643498225,1.7301095442380756,0.03695309982926516,0.12317699943088388,7.672859593234618,7.022859593234617,0.15,0.5,24.146847996503027,-12.07900429132153,-12.163563671569404,-0.08455938024787248,0.08455938024787248,-0.21081839524608503,-0.21229423484485627,-0.0014758395987712336,0.0014758395987712336,3.4528000000044705
0003,pendulumStimulus,block,pendulum,3.4300000000028805,4.059199382272342,oscillation,1.8812715165381246,1.7211414172779769,0.036953099829264834,0.12317699943088277,7.636456177818108,6.986456177818107,0.15,0.5,24.146847996512683,2.953007114330048,1.1504717935885516,-1.8025353207414967,1.802535320741496,0.05153969697987596,0.020079520749444812,-0.03146017623043115,0.03146017623043114,1.5265999999940396
0003,pendulumStimulus,block,pendulum,3.4300000000029796,4.059199382272344,oscillation,1.5812695614126435,1.421139462152496,0.03695309982926481,0.12317699943088271,6.418688426892263,5.768688426892263,0.15,0.5,24.146847996513028,2.2850548648927775,-1.5866653013188863,-3.8717201662116647,3.8717201662116634,0.039881730981093155,-0.027692533635162494,-0.06757426461625565,0.06757426461625564,2.70889999999851
0003,pendulumStimulus,block,pendulum,3.429999999990453,4.059199382272175,oscillation,1.6679817150411187,1.5078516157809645,0.03695309982926635,0.12317699943088783,6.770670347336193,6.120670347336192,0.15,0.5,24.146847996468274,-14.19899532239797,-5.38022597461797,8.81876934778,8.81876934778,-0.24781921885111832,-0.09390265775840444,0.15391656109271387,0.15391656109271387,2.1416999999955295
0003,pendulumStimulus,block,pendulum,3.4300000000038406,4.059199382272355,oscillation,2.1187099452194675,1.9585798459593207,0.036953099829264716,0.1231769994308824,8.600266100849158,7.950266100849158,0.15,0.5,24.146847996516108,-3.117181105307563,-2.291891893556516,0.8252892117510473,0.8252892117510473,-0.05440507366857306,-0.04000105964232861,0.014404014026244452,0.014404014026244452,2.00230000000447
0003,pendulumPractice,block,pendulum,29.890000000021494,4.509792396992299,oscillation,1.9173760406364682,1.7732452375348657,0.03326095456190822,0.11086984853969406,8.64696789023754,7.99696789023754,0.15,0.5,76.26096482566261,50.644300876182186,57.317237641597806,6.672936765415622,6.672936765415622,0.8839097976600283,1.0003745149939114,0.1164647173338831,0.1164647173338831,71.2155
0003,pendulumStimulus,block,pendulum,29.88999999998895,4.509792396991587,oscillation,2.0073570722406022,1.863226269138977,0.03326095456191346,0.11086984853971156,9.05276366243796,8.402763662437959,0.15,0.5,76.26096482561364,-46.87023270129418,6.50284222735151,53.373074928645686,53.37307492864568,-0.8180398818134993,0.1134960076050055,0.9315358894185048,0.9315358894185046,2.9850999999940395
0003,pendulumStimulus,block,pendulum,29.88999999997804,4.509792396991349,oscillation,1.5212546777137852,1.3771238746121526,0.03326095456191522,0.1108698485397174,6.860542779441154,6.210542779441154,0.15,0.5,76.26096482559723,11.991230359647284,0.9335661878338145,-11.05766417181347,11.057664171813471,0.20928645114094888,0.01629380376299189,-0.192992647377957,0.19299264737795702,2.257
0003,pendulumStimulus,block,pendulum,29.89000000001516,4.50979239699216,oscillation,1.2278423699707763,1.0837115668691695,0.033260954561909244,0.11086984853969747,5.537314184799042,4.887314184799042,0.15,0.5,76.26096482565308,24.642337291734535,0.05762751643091327,-24.584709775303622,24.584709775303622,0.4300899211277501,0.0010057899014665678,-0.4290841312262835,0.4290841312262835,2.2505
0003,pendulumStimulus,block,pendulum,29.89000000003479,4.509792396992589,oscillation,1.2353755346656679,1.0912447315640748,0.03326095456190608,0.11086984853968693,5.571287193665883,4.921287193665883,0.15,0.5,76.26096482568262,-34.88096668827462,-7.369054454425176,27.511912233849436,27.511912233849436,-0.6087877149888546,-0.12861426298847375,0.4801734520003808,0.4801734520003808,1.63189999999851
0003,pendulumStimulus,block,pendulum,29.889999999975565,4.509792396991295,oscillation,1.9408782482304927,1.796747445128858,0.03326095456191562,0.11086984853971873,8.752957967355659,8.102957967355659,0.15,0.5,76.26096482559349,-14.656972552338797,-2.2528255696397292,12.404146982699068,12.404146982699068,-0.2558124294127489,-0.03931922366333008,0.21649320574941883,0.21649320574941883,2.1152999999970197
0003,pendulumPractice,block,pendulum,41.650000000026765,4.8081751082762825,oscillation,1.4955082423908526,1.3603218181524426,0.031196867131940746,0.10398955710646916,7.19066550528571,6.54066550528571,0.15,0.5,93.58332169851117,-14.323746272303625,-13.468892469335145,0.8548538029684789,0.8548538029684789,-0.2499965336719625,-0.23507652018696767,0.014920013484994832,0.014920013484994832,2.00260000000149
0003,pendulumStimulus,block,pendulum,41.64999999998655,4.80817510827509,oscillation,1.170300051096663,1.0351136268582195,0.031196867131948487,0.10398955710649496,5.627007574896041,4.9770075748960405,0.15,0.5,93.58332169845228,-50.576514948955904,-22.58100433051341,27.99551061844249,27.9955106184425,-0.8827267100434123,-0.39411287397455685,0.48861383606885544,0.48861383606885556,1.85160000000149
0003,pendulumStimulus,block,pendulum,41.64999999999459,4.808175108275329,oscillation,2.03045243047347,1.8952660062350333,0.031196867131946936,0.10398955710648979,9.762770834739682,9.112770834739681,0.15,0.5,93.58332169846406,-52.54294973997042,-38.26964848295761,14.273301257012807,14.273301257012815,-0.9170474716723821,-0.6679313696084632,0.24911610206391888,0.249116102063919,2.6577999999970197
0003,pendulumStimulus,block,pendulum,41.65000000002975,4.80817510827637,oscillation,1.2764805802067607,1.1412941559683532,0.031196867131940177,0.10398955710646726,6.137542151948326,5.487542151948325,0.15,0.5,93.58332169851553,-58.981882597988495,-30.85562888708822,28.12625371090028,28.12625371090028,-1.0294280503596462,-0.538532316853163,0.4908957335064832,0.4908957335064832,1.53860000000149
0003,pendulumStimulus,block,pendulum,41.649999999984615,4.808175108275033,oscillation,1.3519017600843923,1.2167153358459473,0.031196867131948854,0.10398955710649618,6.50018039167098,5.85018039167098,0.15,0.5,93.58332169844944,-14.543144605842478,-19.362360448085774,-4.819215842243295,4.819215842243295,-0.2538257569656042,-0.33793694077702136,-0.08411118381141713,0.08411118381141713,3.7685999999940396
0003,pendulumStimulus,block,pendulum,41.65000000003859,4.808175108276632,oscillation,1.339121693504767,1.203935269266367,0.031196867131938477,0.10398955710646159,6.438731593662871,5.78873159366287,0.15,0.5,93.5833216985285,-56.207448595732714,-41.408533403470834,14.798915192261877,14.798915192261884,-0.981005042140999,-0.7227152463126196,0.2582897958283794,0.2582897958283795,2.01339999999851
0003,pendulumPractice,block,pendulum,32.830000000025024,4.57627623694485,oscillation,1.5608771649731847,1.4188402846921235,0.03277774160332177,0.10925913867773922,7.143005078856632,6.493005078856632,0.15,0.5,80.6479649424739,-5.2712026561749825,-4.129807649046966,1.1413950071280163,1.1413950071280163,-0.09199984189012404,-0.07207874094991601,0.019921100940208034,0.019921100940208034,1.6328999999985099
0003,pendulumStimulus,block,pendulum,32.82999999998624,4.576276236943942,oscillation,1.882295512043206,1.7402586317621171,0.032777741603328275,0.10925913867776091,8.613904222669554,7.963904222669554,0.15,0.5,80.64796494241646,6.070542914412729,-12.929376172867725,-18.999919087280457,18.999919087280457,0.10595096124011445,-0.22566018444544536,-0.3316111456855598,0.3316111456855598,2.8407000000029803
0003,pendulumStimulus,block,pendulum,32.83000000001782,4.576276236944682,oscillation,2.011135649083426,1.8690987688023597,0.032777741603322974,0.10925913867774326,9.2035122801728,8.5535122801728,0.15,0.5,80.64796494246325,31.32474810075773,4.846270639154147,-26.47847746160358,26.47847746160358,0.5467199917160628,0.08458337909596989,-0.46213661262009287,0.46213661262009287,3.7325999999940396
0003,pendulumStimulus,block,pendulum,32.830000000005946,4.576276236944404,oscillation,1.1469096747769705,1.0048727944958955,0.032777741603324966,0.10925913867774989,5.248575490603484,4.5985754906034835,0.15,0.5,80.64796494244565,9.449430156107637,9.787753059655993,0.3383229035483563,0.3383229035483563,0.16492366866132002,0.17082851726314605,0.005904848601826025,0.005904848601826025,3.5315
0003,pendulumStimulus,block,pendulum,32.83000000000315,4.576276236944338,oscillation,1.315715922190131,1.173679041909054,0.03277774160332544,0.10925913867775146,6.021079509288001,5.371079509288001,0.15,0.5,80.64796494244152,-31.070068625376503,-7.921035844259926,23.149032781116578,23.149032781116578,-0.5422749963334086,-0.1382481556508245,0.4040268406825841,0.4040268406825841,1.4102999999970198
0003,pendulumStimulus,block,pendulum,32.83000000002099,4.576276236944756,oscillation,2.105172235433254,1.9631353551521897,0.03277774160332244,0.10925913867774147,9.63384967568907,8.98384967568907,0.15,0.5,80.64796494246794,43.4445683818396,11.634116392183572,-31.810451989656034,31.810451989656027,0.7582507603709262,0.2030536366038472,-0.555197123767079,0.5551971237670789,1.9862999999970197
0003,pendulumPractice,block,pendulum,9.309999999977943,4.142033564160111,oscillation,1.9195964979367215,1.762668749783188,0.03621409572773846,0.12071365242579488,7.951033124098106,7.3010331240981055,0.15,0.5,40.314909174658936,-1.9728066389320393,-3.8347647239490437,-1.8619580850170043,1.8619580850170043,-0.034431971354567034,-0.06692927047224226,-0.032497299117675224,0.032497299117675224,2.006
0003,pendulumStimulus,block,pendulum,9.310000000015783,4.142033564160669,oscillation,1.8826838895106361,1.7257561413571239,0.03621409572773358,0.12071365242577863,7.798139861057611,7.148139861057611,0.15,0.5,40.314909174744415,8.417223604357389,8.095657193979164,-0.32156641037822425,0.32156641037822425,0.14690826577262095,0.14129587314770167,-0.005612392624919278,0.005612392624919278,2.2198000000044704
0003,pendulumStimulus,block,pendulum,9.309999999992792,4.14203356416033,oscillation,2.0636502146148854,1.9067224664613605,0.03621409572773655,0.1207136524257885,8.547708453621523,7.897708453621523,0.15,0.5,40.314909174692474,5.3231056767582094,-1.3733167027328348,-6.696422379491045,6.696422379491045,0.09290572049103175,-0.023968898135320174,-0.11687461862635193,0.11687461862635193,1.5977999999970198
0003,pendulumStimulus,block,pendulum,9.310000000010232,4.142033564160587,oscillation,1.822647710832365,1.6657199626788497,0.0362140957277343,0.120713652425781,7.549467993908117,6.899467993908116,0.15,0.5,40.31490917473187,-26.275951312874863,-26.98948507687985,-0.7135337640049816,0.7135337640049816,-0.4586018645033931,-0.4710553780094282,-0.012453513506035128,0.012453513506035128,1.8848999999985099
0003,pendulumStimulus,block,pendulum,9.31000000000954,4.1420335641605766,oscillation,1.870590791142144,1.7136630429886281,0.036214095727734395,0.12071365242578132,7.748049841720447,7.098049841720447,0.15,0.5,40.31490917473031,-15.560858474427809,-6.933630800877255,8.627227673550554,8.627227673550554,-0.2715882148156271,-0.12101468659299944,0.15057352822262768,0.15057352822262768,1.6242999999970198
0003,pendulumStimulus,block,pendulum,9.31000000000112,4.142033564160452,oscillation,2.0353010569592693,1.8783733088057488,0.03621409572773548,0.12071365242578494,8.430285291096538,7.780285291096537,0.15,0.5,40.314909174711296,-17.54136616846547,-18.96664294170144,-1.425276773235969,1.425276773235969,-0.3061545949376648,-0.33103036738283304,-0.024875772445168254,0.024875772445168254,2.644
0003,pendulumPractice,block,pendulum,12.250000000007129,4.186465708941601,oscillation,1.7463420006257635,1.591079771053046,0.03582974528601171,0.1194324842867057,7.31100090170423,6.66100090170423,0.15,0.5,46.56746344222457,-29.1101675729631,-36.77066666202699,-7.660499089063891,7.660499089063891,-0.5080682699554927,-0.6417692014056839,-0.13370093145019124,0.13370093145019124,2.6217000000029804
0003,pendulumStimulus,block,pendulum,12.25000000001598,4.186465708941737,oscillation,1.3723602135011097,1.2170979839283973,0.03582974528601054,0.1194324842867018,5.745338974138358,5.0953389741383575,0.15,0.5,46.56746344224239,-8.15462596473143,2.5881922755417244,10.742818240273154,10.742818240273154,-0.14232507235318245,0.04517247688288739,0.18749754923606984,0.18749754923606984,1.911
0003,pendulumStimulus,block,pendulum,12.250000000010672,4.186465708941656,oscillation,1.4628098330737225,1.307547603501007,0.03582974528601124,0.11943248428670414,6.124003204865806,5.474003204865806,0.15,0.5,46.56746344223171,-2.559957543811045,1.9437049223549057,4.503662466165951,4.503662466165951,-0.044679687850769714,0.03392405058231384,0.07860373843308356,0.07860373843308356,1.8963000000044703
0003,pendulumStimulus,block,pendulum,12.250000000010882,4.186465708941658,oscillation,1.7774951956977267,1.6222329661250114,0.03582974528601122,0.11943248428670407,7.441422684597075,6.791422684597075,0.15,0.5,46.56746344223213,14.855354127911536,16.270343051381822,1.4149889234702873,1.414988923470284,0.25927484108178717,0.28397105667559375,0.02469621559380658,0.024696215593806522,2.5945999999940397
0003,pendulumStimulus,block,pendulum,12.250000000018364,4.186465708941774,oscillation,1.6535373417005963,1.4982751121278852,0.03582974528601023,0.11943248428670077,6.922477379484283,6.2724773794842825,0.15,0.5,46.567463442247195,9.165868499320085,4.324119042429096,-4.841749456890988,4.841749456890988,0.1599745841179671,0.07547011453857211,-0.08450446957939499,0.08450446957939499,2.3145
0003,pendulumStimulus,block,pendulum,12.249999999974044,4.186465708941088,oscillation,2.095263466546067,1.9400012369733304,0.035829745286016096,0.11943248428672033,8.771748653892143,8.121748653892142,0.15,0.5,46.56746344215799,-0.5109021194659632,11.138182509773866,11.649084629239832,11.649084629239832,-0.00891692414009847,0.19439795748359948,0.20331488162369796,0.20331488162369796,1.908
0003,pendulumPractice,block,pendulum,21.069999999976304,4.334270153866148,oscillation,1.6069735660156035,1.4570059874095023,0.034607902755254126,0.11535967585084708,6.965057565233283,6.315057565233283,0.15,0.5,62.451454040476804,-13.71209383423544,-4.512086495387947,9.200007338847493,9.200007338847493,-0.23932118474982197,-0.0787507654792916,0.16057041927053037,0.16057041927053037,2.01430000000447
0003,pendulumStimulus,block,pendulum,21.070000000013728,4.334270153866829,oscillation,1.9665528357898379,1.8165852571837604,0.03460790275524869,0.11535967585082899,8.523571262166069,7.873571262166069,0.15,0.5,62.45145404053849,18.116961257869097,-5.420635404520638,-23.53759666238974,23.537596662389735,0.3162006244060692,-0.09460793535905986,-0.4108085597651291,0.41080855976512903,1.8246000000014901
0003,pendulumStimulus,block,pendulum,21.069999999988266,4.334270153866366,oscillation,1.4250222890576074,1.2750547104515135,0.034607902755252384,0.1153596758508413,6.176431576056717,5.526431576056717,0.15,0.5,62.451454040496536,-39.85909680680753,-24.737773147034098,15.121323659773434,15.121323659773434,-0.6956724761499495,-0.4317555910271843,0.26391688512276523,0.26391688512276523,1.376
0003,pendulumStimulus,block,pendulum,21.06999999999239,4.3342701538664405,oscillation,1.9820344076895786,1.8320668290834874,0.034607902755251795,0.11535967585083931,8.59067257718529,7.940672577185289,0.15,0.5,62.45145404050333,-17.021255775769916,-23.766836967394312,-6.745581191624398,6.745581191624391,-0.29707695611128665,-0.4148095578657349,-0.11773260175444827,0.11773260175444816,25.22379999999702
0003,pendulumStimulus,block,pendulum,21.069999999984447,4.334270153866297,oscillation,1.3423302167964848,1.1923626381903887,0.03460790275525294,0.11535967585084314,5.8180217952938795,5.168021795293879,0.15,0.5,62.451454040490226,43.16843605197987,29.66977110181966,-13.498664950160206,13.4986649501602,0.7534313420436707,0.5178351940398188,-0.23559614800385187,0.23559614800385173,3.373
0003,pendulumStimulus,block,pendulum,21.06999999998042,4.334270153866224,oscillation,1.8211576027268317,1.6711900241207331,0.03460790275525352,0.11535967585084508,7.8933890429854685,7.243389042985468,0.15,0.5,62.45145404048359,-15.65707754146311,-27.40659414370578,-11.749516602242672,11.749516602242672,-0.27326755433859024,-0.4783353045654618,-0.20506775022687157,0.20506775022687157,1.6717000000029802
0003,pendulumPractice,block,pendulum,71.04999999994945,6.6660371264446745,oscillation,1.4486348126011428,1.351125604705885,0.022502124898905622,0.07500708299635207,9.656653443459442,9.006653443459442,0.15,0.5,144.3409123037345,9.514398006600214,-3.6080133191226906,-13.122411325722902,13.122411325722902,0.1660575715603589,-0.06297171187449983,-0.2290292834348587,0.2290292834348587,5.05510000000149
0003,pendulumStimulus,block,pendulum,71.0500000000414,6.666037126459757,oscillation,1.4846496912576372,1.3871404833626002,0.02250212489885471,0.07500708299618238,9.896729961710426,9.246729961710425,0.15,0.5,144.340912303965,-44.1014298401758,-32.209331984387624,11.892097855788172,11.892097855788172,-0.7697151555483442,-0.5621588929954828,0.20755626255286141,0.20755626255286141,2.37339999999851
0003,pendulumStimulus,block,pendulum,71.04999999999798,6.666037126452633,oscillation,1.2000426719823147,1.1025334640871733,0.022502124898878758,0.07500708299626253,7.999529004761528,7.349529004761528,0.15,0.5,144.34091230385616,94.98154362192663,83.31386503029812,-11.667678591628516,11.667678591628516,1.6577406648292399,1.4541012573408674,-0.20363940748837248,0.20363940748837248,1.3325
0003,pendulumStimulus,block,pendulum,71.04999999996646,6.666037126447463,oscillation,2.0867456023043074,1.9892363944090903,0.02250212489889621,0.0750070829963207,13.910323658411485,13.260323658411485,0.15,0.5,144.34091230377715,34.6204219071728,14.115796517633132,-20.50462538953966,20.504625389539665,0.6042403507097399,0.24636712577424796,-0.35787322493549195,0.35787322493549206,2.0158000000044702
0003,pendulumStimulus,block,pendulum,71.04999999997293,6.666037126448526,oscillation,1.645543224636641,1.5480340167414397,0.022502124898892622,0.07500708299630875,10.969252228603676,10.319252228603675,0.15,0.5,144.34091230379335,76.57367122800797,32.961628790657606,-43.61204243735036,43.61204243735036,1.3364626832683886,0.5752889492171319,-0.7611737340512567,0.7611737340512567,1.0015999999940395
0003,pendulumStimulus,block,pendulum,71.04999999997058,6.66603712644814,oscillation,1.1273879711443509,1.029878763249144,0.022502124898893923,0.07500708299631308,7.515210071559288,6.865210071559288,0.15,0.5,144.34091230378746,-10.737091490258418,9.148030556557314,19.88512204681573,19.88512204681573,-0.18739759859287405,0.15966325328497447,0.34706085187784846,0.34706085187784846,1.2456000000014902
0003,pendulumPractice,block,pendulum,47.52999999996266,4.999536822391376,oscillation,1.6292906936540998,1.4992786499205977,0.030002779323115788,0.10000926441038596,8.14569881730326,7.495698817303258,0.15,0.5,102.2688989959007,-54.87679045079863,-58.50735869796145,-3.6305682471628224,3.6305682471628224,-0.9577806762934193,-1.0211460459247699,-0.06336536963135053,0.06336536963135053,2.2585999999940394
0003,pendulumStimulus,block,pendulum,47.530000000005515,4.999536822392912,oscillation,1.9015352562818073,1.7715232125483453,0.030002779323106573,0.10000926441035525,9.506795532859238,8.856795532859238,0.15,0.5,102.26889899596482,19.386376614609198,24.78436456171209,5.397987947102888,5.397987947102888,0.33835610195656235,0.43256876461647725,0.0942126626599149,0.0942126626599149,3.22570000000298
0003,pendulumStimulus,block,pendulum,47.52999999999764,4.9995368223926295,oscillation,1.43043436108189,1.3004223173484206,0.030002779323108266,0.1000092644103609,7.151509260244583,6.501509260244583,0.15,0.5,102.26889899595302,-19.248653172710352,32.811342625661396,52.05999579837174,52.05999579837176,-0.3359523744382484,0.5726659608177526,0.9086183352560009,0.9086183352560012,2.4453000000044702
0003,pendulumStimulus,block,pendulum,47.52999999998367,4.999536822392129,oscillation,1.1399587802406,1.0099467365071177,0.030002779323111274,0.10000926441037092,5.699265897822096,5.049265897822096,0.15,0.5,102.26889899593212,0.8910203641115325,5.548450795640502,4.657430431528969,4.657430431528969,0.015551239056064961,0.09683873476882579,0.08128749571276082,0.08128749571276082,1.99710000000149
0003,pendulumStimulus,block,pendulum,47.53000000001648,4.9995368223933045,oscillation,1.8898119602634795,1.759799916530028,0.030002779323104217,0.1000092644103474,9.448184482736538,8.798184482736538,0.15,0.5,102.26889899598119,26.08264407912723,20.34510631940642,-5.737537759720808,5.73753775972081,0.45522801680657454,0.35508909194194715,-0.10013892486462737,0.10013892486462744,2.921
0003,pendulumStimulus,block,pendulum,47.530000000014184,4.999536822393222,oscillation,1.4374253628592255,1.3074133191257715,0.030002779323104713,0.10000926441034905,7.186461031056636,6.536461031056636,0.15,0.5,102.26889899597778,5.248684082574562,15.540948405545494,10.29226432297093,10.29226432297093,0.09160681863794405,0.27124071855933185,0.17963389992138776,0.17963389992138776,1.4262999999970198
0003,pendulumPractice,block,pendulum,73.99000000001601,7.287546664132061,oscillation,1.8153078704071877,1.7261146164964885,0.020583058594776743,0.06861019531592247,13.229140815358576,12.579140815358576,0.15,0.5,152.56075984936967,-46.24541983712184,-51.55016620979788,-5.304746372676038,5.304746372676038,-0.8071348401248759,-0.8997201303112989,-0.09258529018642303,0.09258529018642303,1.928
0003,pendulumStimulus,block,pendulum,73.98999999999832,7.287546664127136,oscillation,1.239512705609793,1.1503194516990334,0.020583058594790652,0.06861019531596885,9.033006682909848,8.383006682909848,0.15,0.5,152.56075984931354,-92.53752791110477,-67.8954402141319,24.642087696972872,24.642087696972887,-1.6150845437049288,-1.1849989788275654,0.4300855648773633,0.4300855648773636,1.7537000000029803
0003,pendulumStimulus,block,pendulum,73.9899999999567,7.287546664115561,oscillation,1.978463739988195,1.8892704860772938,0.020583058594823345,0.06861019531607783,14.418146828424566,13.768146828424566,0.15,0.5,152.5607598491815,-73.72685519728238,-73.73371543531013,-0.006860238027751388,0.006860238027751388,-1.286776370333671,-1.2868961040747258,-0.00011973374105478385,0.00011973374105478385,1.586
0003,pendulumStimulus,block,pendulum,73.98999999999039,7.2875466641249345,oscillation,2.0469090208808547,1.9577157669700682,0.02058305859479687,0.06861019531598957,14.91694500688751,14.266945006887509,0.15,0.5,152.5607598492884,-70.27973701542487,-21.196483628132366,49.0832533872925,49.0832533872925,-1.2266128083548968,-0.3699484291559832,0.8566643791989137,0.8566643791989137,2.17010000000149
0003,pendulumStimulus,block,pendulum,73.9900000000097,7.2875466641303035,oscillation,1.2627318542381678,1.173538600327447,0.020583058594781704,0.06861019531593902,9.202217312044432,8.552217312044432,0.15,0.5,152.56075984934964,-72.26425541310961,-68.51061538155871,3.753640031550911,3.753640031550911,-1.2612491884608978,-1.1957358109756706,0.06551337748522723,0.06551337748522723,1.88760000000149
0003,pendulumStimulus,block,pendulum,73.99000000001239,7.287546664131057,oscillation,1.2660784233758062,1.1768851694650948,0.020583058594779578,0.06861019531593193,9.226605590800665,8.576605590800664,0.15,0.5,152.5607598493582,-84.43884131449455,-67.29658556102763,17.142255753466916,17.14225575346693,-1.4737357975069465,-1.1745469933900075,0.29918880411693904,0.2991888041169393,1.6333999999985098
0003,pendulumPractice,block,pendulum,6.370000000011295,4.099668686115893,oscillation,2.0847644526332996,1.9262150551658124,0.03658832249249706,0.12196107497499019,8.54684354438828,7.896843544388279,0.15,0.5,33.122940207773986,-1.118984621977484,4.272413238341558,5.391397860319042,5.391397860319043,-0.0195299659326912,0.07456767801485342,0.09409764394754462,0.09409764394754463,5.1784000000059605
0003,pendulumStimulus,block,pendulum,6.369999999989915,4.099668686115592,oscillation,1.8709914143950244,1.7124420169275254,0.03658832249249974,0.12196107497499915,7.670444913586403,7.020444913586402,0.15,0.5,33.12294020771681,-16.634701058233908,-19.015845982604763,-2.381144924370856,2.381144924370856,-0.2903303035511667,-0.3318891224485895,-0.0415588188974228,0.0415588188974228,1.1807000000029801
0003,pendulumStimulus,block,pendulum,6.369999999991059,4.099668686115608,oscillation,1.5812284177922202,1.422679020324722,0.0365883224924996,0.12196107497499868,6.482512630018894,5.832512630018893,0.15,0.5,33.12294020771987,-4.094901807324942,1.6727849541390543,5.767686761463996,5.767686761463996,-0.07146951908368669,0.029195605127548842,0.10066512421123554,0.10066512421123554,1.66010000000149
0003,pendulumStimulus,block,pendulum,6.369999999994614,4.099668686115658,oscillation,2.1250014346845916,1.9664520372170955,0.03658832249249916,0.1219610749749972,8.711801839727269,8.061801839727268,0.15,0.5,33.122940207729386,12.218268484178544,10.708030751730695,-1.5102377324478515,1.5102377324478515,0.2132490139415723,0.1868903930225041,-0.02635862091906821,0.02635862091906821,1.8125
0003,pendulumStimulus,block,pendulum,6.37000000001199,4.099668686115903,oscillation,1.3449320457697291,1.1863826483022422,0.036588322492496966,0.1219610749749899,5.513775792995959,4.863775792995959,0.15,0.5,33.122940207775855,18.375666662646722,19.57388643793638,1.1982197752896568,1.1982197752896602,0.3207158855121434,0.3416287657534545,0.020912880241311105,0.02091288024131116,0.7901000000014902
0003,pendulumStimulus,block,pendulum,6.3699999999848655,4.099668686115521,oscillation,1.2680417119812744,1.1094923145137727,0.03658832249250038,0.12196107497500126,5.198550899297947,4.548550899297947,0.15,0.5,33.12294020770331,8.622992929437627,7.000416242571269,-1.62257668686636,1.6225766868663576,0.15049961799487768,0.12218031244295867,-0.028319305551919013,0.028319305551918975,0.9788999999985099
0003,pendulumPractice,block,pendulum,24.00999999999,4.389243040716488,oscillation,1.5865665647299465,1.4384772486519068,0.034174457556470694,0.11391485852156898,6.963826252874384,6.313826252874383,0.15,0.5,67.20096872809533,-28.224427292657108,-26.971622255379337,1.2528050372777664,1.2528050372777664,-0.49260918574661566,-0.47074361296054834,0.021865572786067322,0.021865572786067322,1.47060000000149
0003,pendulumStimulus,block,pendulum,24.010000000009935,4.389243040716872,oscillation,1.4592128264350193,1.3111235103569925,0.034174457556467704,0.11391485852155903,6.404839743354706,5.754839743354705,0.15,0.5,67.20096872812692,-43.70640878294862,-37.896581922676084,5.809826860272531,5.809826860272531,-0.762820737485021,-0.6614201298024608,0.1014006076825602,0.1014006076825602,1.0908999999985098
0003,pendulumStimulus,block,pendulum,24.00999999998317,4.389243040716357,oscillation,1.8794422830553275,1.7313529669772834,0.034174457556471714,0.11391485852157239,8.249328961328658,7.599328961328657,0.15,0.5,67.2009687280845,-0.07393319884176161,-17.335279070660672,-17.26134587181891,17.26134587181891,-0.0012903777463203982,-0.30255769653509146,-0.30126731878877105,0.30126731878877105,1.0645999999940394
0003,pendulumStimulus,block,pendulum,24.010000000012646,4.3892430407169245,oscillation,1.9431068532732605,1.7950175371952355,0.034174457556467294,0.11391485852155767,8.52876823309902,7.878768233099021,0.15,0.5,67.20096872813123,38.465050181775055,38.89391611698267,0.428865935207616,0.42886593520762234,0.671341772616818,0.6788268952358356,0.00748512261901757,0.007485122619017681,1.681
0003,pendulumStimulus,block,pendulum,24.00999999997858,4.389243040716268,oscillation,1.9587062137299727,1.8106168976519257,0.03417445755647241,0.1139148585215747,8.597237617421994,7.947237617421995,0.15,0.5,67.20096872807723,18.921839362383345,20.160299224360195,1.2384598619768503,1.2384598619768503,0.3302483974070538,0.35186359965234437,0.02161520224529057,0.02161520224529057,1.579
0003,pendulumStimulus,block,pendulum,24.009999999997166,4.389243040716626,oscillation,1.9967642695275525,1.8486749534495175,0.03417445755646962,0.11391485852156541,8.764283673975427,8.114283673975427,0.15,0.5,67.20096872810669,43.88326673265759,33.55465466296845,-10.328612069689136,10.328612069689129,0.765907491015769,0.5856392032384676,-0.18026828777730144,0.1802682877773013,1.0138000000044705
0003,pendulumPractice,block,pendulum,62.22999999998049,5.732602578905684,oscillation,1.9383259195302376,1.8249393745791167,0.026166125757950937,0.0872204191931698,11.111652165058771,10.461652165058771,0.15,0.5,125.97980059743898,57.262342669548275,62.32216399762222,5.0598213280739435,5.0598213280739435,0.9994164169888566,1.0877269587263791,0.08831054173752251,0.08831054173752251,1.12560000000149
0003,pendulumStimulus,block,pendulum,62.229999999981054,5.732602578905725,oscillation,1.7262092848242012,1.6128227398730814,0.02616612575795075,0.08722041919316917,9.895671797914224,9.245671797914223,0.15,0.5,125.97980059743999,-84.5765823919033,-72.05171144977574,12.524870942127565,12.524870942127551,-1.4761398328229736,-1.2575395964954834,0.21860023632749015,0.21860023632748993,1.297
0003,pendulumStimulus,block,pendulum,62.23000000003857,5.732602578909848,oscillation,1.365618235052364,1.2522316901013255,0.02616612575793193,0.08722041919310644,7.828546616067497,7.1785466160674964,0.15,0.5,125.97980059754389,13.59020840938288,-24.377032574442385,-37.96724098382526,37.96724098382526,0.2371938827759527,-0.42545948028992936,-0.662653363065882,0.662653363065882,1.0646000000014901
0003,pendulumStimulus,block,pendulum,62.23000000002217,5.732602578908672,oscillation,1.9616681124016746,1.8482815674506128,0.026166125757937298,0.08722041919312433,11.245463680116746,10.595463680116746,0.15,0.5,125.97980059751427,72.70893867109676,53.03542579546637,-19.673512875630404,19.673512875630404,1.269010375441269,0.9256428003280207,-0.3433675751132483,0.3433675751132483,1.1195999999940396
0003,pendulumStimulus,block,pendulum,62.23000000000937,5.732602578907755,oscillation,1.6677784771591708,1.554391932208091,0.026166125757941486,0.08722041919313829,9.56071119920951,8.91071119920951,0.15,0.5,125.97980059749115,87.38129548439238,75.27753858528992,-12.103756899102455,12.10375689910247,1.5250913108607003,1.3138409011103833,-0.21125040975031695,0.2112504097503172,1.06160000000149
0003,pendulumStimulus,block,pendulum,62.230000000010065,5.732602578907805,oscillation,1.8817396078657633,1.7683530629146844,0.026166125757941257,0.08722041919313753,10.787265328884237,10.137265328884236,0.15,0.5,125.97980059749241,41.83136135053749,58.19440839432572,16.363047043788228,16.363047043788228,0.7300949861583811,1.0156840327312104,0.28558904657282935,0.28558904657282935,1.0362000000029803
0003,pendulumPractice,block,pendulum,38.70999999998967,4.724659585307143,oscillation,1.9570649316128197,1.8194888823200017,0.031748319067573354,0.10582773022524453,9.246465588212978,8.596465588212977,0.15,0.5,89.28378410378996,-13.610773450391093,-5.92229156898986,7.688481881401232,7.6884818814012315,-0.23755281045235366,-0.10336348714197396,0.1341893233103797,0.13418932331037967,1.3537000000029802
0003,pendulumStimulus,block,pendulum,38.709999999973164,4.724659585306694,oscillation,1.588264452625437,1.450688403332606,0.03174831906757637,0.10582773022525459,7.5040088700986605,6.85400887009866,0.15,0.5,89.28378410376584,55.67430076583776,36.63606417089103,-19.03823659494673,19.03823659494673,0.9716998571094695,0.639419944753975,-0.33227991235549453,0.33227991235549453,1.2417000000029803
0003,pendulumStimulus,block,pendulum,38.71000000000598,4.724659585307587,oscillation,1.43589017573406,1.2983141264412552,0.03174831906757037,0.10582773022523458,6.784092282230923,6.134092282230923,0.15,0.5,89.28378410381379,-8.264076920792798,-15.660398001414894,-7.396321080622097,7.396321080622096,-0.14423535190590894,-0.2733255072974295,-0.12909015539152055,0.12909015539152052,1.1977999999970197
0003,pendulumStimulus,block,pendulum,38.710000000019704,4.72465958530796,oscillation,1.4414897403739009,1.3039136910811067,0.031748319067567865,0.10582773022522622,6.810548318980634,6.160548318980633,0.15,0.5,89.28378410383385,-25.399769731278322,-6.031020838110034,19.368748893168284,19.368748893168284,-0.443309611059202,-0.10526117088140799,0.338048440177794,0.338048440177794,0.8287000000029803
0003,pendulumStimulus,block,pendulum,38.70999999996194,4.724659585306387,oscillation,1.3462116134878321,1.2086355641949922,0.03174831906757843,0.10582773022526146,6.360391603516064,5.710391603516063,0.15,0.5,89.28378410374943,-42.34168737605032,-33.07533481844447,9.26635255760585,9.266352557605844,-0.7390018555621964,-0.5772734937813768,0.16172836178081962,0.1617283617808195,1.40639999999851
0003,pendulumStimulus,block,pendulum,38.71000000000767,4.724659585307633,oscillation,1.4691860956199179,1.331610046327114,0.03174831906757006,0.10582773022523354,6.941404169271342,6.291404169271342,0.15,0.5,89.28378410381627,-59.76446113314566,-75.74304962289148,-15.978588489745817,15.978588489745817,-1.0430866224535729,-1.3219656014209056,-0.2788789789673327,0.2788789789673327,1.4347999999970198
0003,pendulumPractice,block,pendulum,68.1100000000249,6.263260624862477,oscillation,1.2829931847660763,1.1792133743874729,0.023949187010446904,0.07983062336815634,8.035720696112275,7.385720696112274,0.15,0.5,137.51888712462153,-73.58095269196579,-74.85303774139804,-1.2720850494322546,1.2720850494322546,-1.284229891228988,-1.3064319637069757,-0.022202072477987667,0.022202072477987667,1.1904000000059605
0003,pendulumStimulus,block,pendulum,68.10999999999747,6.263260624859311,oscillation,1.5911779807790665,1.487398170400411,0.023949187010459012,0.07983062336819671,9.965962394156673,9.315962394156672,0.15,0.5,137.51888712456218,-11.715229732918342,-35.18081619522233,-23.465586462303985,23.465586462303985,-0.20446933146696097,-0.6140210761455738,-0.4095517446786128,0.4095517446786128,1.1732999999970197
0003,pendulumStimulus,block,pendulum,68.10999999998565,6.263260624857945,oscillation,1.735545389717795,1.6317655793391168,0.023949187010464234,0.07983062336821412,10.870173102073203,10.220173102073202,0.15,0.5,137.51888712453658,91.4600909759159,81.44700623208789,-10.013084743828024,10.013084743828024,1.5962797217032865,1.4215184246422745,-0.17476129706101198,0.17476129706101198,1.44839999999851
0003,pendulumStimulus,block,pendulum,68.1099999999762,6.263260624856853,oscillation,1.6960211206603757,1.592241310281679,0.023949187010468408,0.07983062336822803,10.622622303957725,9.972622303957724,0.15,0.5,137.5188871245161,-89.44132080491663,-69.66420147831212,19.777119326604506,19.777119326604506,-1.5610455353783002,-1.2158696865692478,0.3451758488090524,0.3451758488090524,2.5166000000014903
0003,pendulumStimulus,block,pendulum,68.11000000000628,6.263260624860328,oscillation,1.9564037026281786,1.8526238922495395,0.023949187010455123,0.07983062336818375,12.253466277002024,11.603466277002024,0.15,0.5,137.51888712458123,59.23318241479314,43.67520597627545,-15.55797643851769,15.55797643851769,1.0338140595725458,0.762276145772711,-0.27153791379983483,0.27153791379983483,2.5653000000044703
0003,pendulumStimulus,block,pendulum,68.10999999999193,6.263260624858671,oscillation,1.2986483780111775,1.1948685676325113,0.023949187010461455,0.07983062336820486,8.133773251533988,7.483773251533988,0.15,0.5,137.51888712455016,36.77135388881165,-1.1358795558531682,-37.907233444664826,37.907233444664826,0.6417811957757842,-0.019824838155728615,-0.661606033931513,0.661606033931513,1.13010000000149
